1,Amii,Hurley,Amii.Hurley@example.com,154617545,2023-09-23,10:00,47
2,Florencia,Westphal,Florencia.Westphal@example.com,275664477,2023-09-04,11:00,6
3,Carilyn,Fulmer,Carilyn.Fulmer@example.com,738669561,2023-09-21,13:00,25
4,Imojean,Iaverne,Imojean.Iaverne@example.com,511762692,2023-09-03,11:00,13
5,Maryellen,Tamar,Maryellen.Tamar@example.com,634396653,2023-09-09,16:00,47
6,Selma,Dyche,Selma.Dyche@example.com,749348012,2023-09-27,17:30,41
7,Kate,Helfand,Kate.Helfand@example.com,104834400,2023-09-28,14:00,37
8,Kelly,Terencio,Kelly.Terencio@example.com,723069627,2023-09-09,08:30,17
9,Agathe,Hirsch,Agathe.Hirsch@example.com,567066905,2023-09-08,11:30,34
10,Shannah,Sabella,Shannah.Sabella@example.com,105653888,2023-09-23,14:30,48
11,Gratia,Rogerio,Gratia.Rogerio@example.com,886722749,2023-09-07,15:00,25
12,Raina,Bryna,Raina.Bryna@example.com,537689151,2023-09-10,08:30,12
13,Nannie,Krystle,Nannie.Krystle@example.com,880128206,2023-09-16,14:30,15
14,Allis,Berard,Allis.Berard@example.com,983282530,2023-09-04,16:00,46
15,Monika,Hillel,Monika.Hillel@example.com,907509623,2023-09-08,10:30,30
16,Ernesta,Lilas,Ernesta.Lilas@example.com,548171561,2023-09-24,14:30,49
17,Ivett,Nisbet,Ivett.Nisbet@example.com,481060760,2023-09-24,09:00,28
18,Carmencita,Wittie,Carmencita.Wittie@example.com,942787970,2023-09-28,08:30,22
19,Louella,Gibbeon,Louella.Gibbeon@example.com,522291119,2023-09-11,11:00,43
20,Carly,Manolo,Carly.Manolo@example.com,620844130,2023-09-02,10:30,46
21,Annice,Lia,Annice.Lia@example.com,433860645,2023-09-07,11:30,19
22,Stacey,Maiah,Stacey.Maiah@example.com,346068776,2023-09-13,09:00,41
23,Glenda,Pitt,Glenda.Pitt@example.com,654654783,2023-09-18,14:00,17
24,Roz,Iaverne,Roz.Iaverne@example.com,493373179,2023-09-07,08:00,21
25,Thalia,Henebry,Thalia.Henebry@example.com,194027048,2023-09-02,11:00,24
26,Lisette,Diogenes,Lisette.Diogenes@example.com,949192343,2023-09-29,14:00,24
27,Damaris,Loeb,Damaris.Loeb@example.com,609227062,2023-09-11,08:30,41
28,Chandra,Jeanne,Chandra.Jeanne@example.com,791176575,2023-09-22,14:30,32
29,Chandra,Gerge,Chandra.Gerge@example.com,752191331,2023-09-04,09:00,23
30,Karlee,Oscar,Karlee.Oscar@example.com,316253853,2023-09-20,08:00,29
31,Lila,Vale,Lila.Vale@example.com,275073497,2023-09-15,11:30,36
32,Liana,Phaidra,Liana.Phaidra@example.com,950465267,2023-09-07,10:00,30
33,Basia,Paine,Basia.Paine@example.com,257995684,2023-09-15,15:30,11
34,Aurore,Ellord,Aurore.Ellord@example.com,258927803,2023-09-19,15:30,34
35,Shannah,Dermott,Shannah.Dermott@example.com,258946505,2023-09-23,10:30,39
36,Zia,Sparhawk,Zia.Sparhawk@example.com,682582399,2023-09-23,08:00,34
37,Nonnah,Neva,Nonnah.Neva@example.com,762879829,2023-09-07,15:00,39
38,Talya,Terrence,Talya.Terrence@example.com,966176805,2023-09-25,09:30,5
39,Jessy,Trace,Jessy.Trace@example.com,145606737,2023-09-10,09:30,22
40,Dulcinea,Schonfeld,Dulcinea.Schonfeld@example.com,812456977,2023-09-03,11:30,47
41,Stephanie,Shama,Stephanie.Shama@example.com,143017470,2023-09-10,08:30,27
42,Shaine,McGrody,Shaine.McGrody@example.com,238219954,2023-09-25,11:00,21
43,Maryellen,Salvidor,Maryellen.Salvidor@example.com,503734584,2023-09-17,16:00,6
44,Myrtice,Lynn,Myrtice.Lynn@example.com,854619871,2023-09-12,14:30,45
45,Kirstin,Sprage,Kirstin.Sprage@example.com,851750824,2023-09-25,09:00,11
46,Barbi,Fosque,Barbi.Fosque@example.com,746195863,2023-09-22,14:30,16
47,Henriette,Dom,Henriette.Dom@example.com,464451282,2023-09-02,11:00,45
48,Jacquetta,Wolfgram,Jacquetta.Wolfgram@example.com,348965944,2023-09-21,13:00,19
49,Lila,Ogren,Lila.Ogren@example.com,749099577,2023-09-12,16:00,1
50,Pamella,Matthew,Pamella.Matthew@example.com,954709253,2023-09-03,13:30,45
51,Mara,Wu,Mara.Wu@example.com,619898876,2023-09-08,09:00,9
52,Elvira,Chrystel,Elvira.Chrystel@example.com,942062844,2023-09-06,09:30,22
53,Kathy,Anton,Kathy.Anton@example.com,859564401,2023-09-23,10:30,34
54,Althea,Ilka,Althea.Ilka@example.com,559291062,2023-09-22,16:30,11
55,Annaliese,Roche,Annaliese.Roche@example.com,916559822,2023-09-22,17:00,7
56,Georgetta,Rona,Georgetta.Rona@example.com,865021958,2023-09-07,17:30,19
57,Teriann,Gunn,Teriann.Gunn@example.com,374171731,2023-09-03,09:30,22
58,Meriel,Orpah,Meriel.Orpah@example.com,580196688,2023-09-07,10:00,48
59,Gabi,Harl,Gabi.Harl@example.com,189968383,2023-09-06,13:00,5
60,Mureil,Kaja,Mureil.Kaja@example.com,144652642,2023-09-05,12:30,33
61,Babita,Bobbee,Babita.Bobbee@example.com,658883697,2023-09-05,17:00,10
62,Charmaine,Chapland,Charmaine.Chapland@example.com,419277635,2023-09-21,11:00,10
63,Brena,Sharl,Brena.Sharl@example.com,950428488,2023-09-15,11:30,14
64,Cissiee,Celestine,Cissiee.Celestine@example.com,212226737,2023-09-04,10:00,29
65,Rivalee,Strephon,Rivalee.Strephon@example.com,883391384,2023-09-05,14:30,7
66,Cyb,Bebe,Cyb.Bebe@example.com,929419038,2023-09-10,11:00,37
67,Desirae,Barbey,Desirae.Barbey@example.com,998001932,2023-09-19,08:00,21
68,Cassondra,Ries,Cassondra.Ries@example.com,282011042,2023-09-01,13:00,41
69,Modestia,Jenness,Modestia.Jenness@example.com,201365702,2023-09-21,09:30,38
70,Caryl,Cloris,Caryl.Cloris@example.com,988247951,2023-09-25,10:00,7
71,Starla,Kendrick,Starla.Kendrick@example.com,954884448,2023-09-05,11:00,50
72,Leia,Jillane,Leia.Jillane@example.com,834675529,2023-09-26,16:30,16
73,Flo,Suk,Flo.Suk@example.com,981398008,2023-09-02,12:30,27
74,Charlena,Hanshaw,Charlena.Hanshaw@example.com,521420326,2023-09-25,13:30,30
75,Dorice,Othilia,Dorice.Othilia@example.com,803320824,2023-09-13,13:30,43
76,Brooks,Kinnard,Brooks.Kinnard@example.com,682001377,2023-09-22,11:30,35
77,Mellicent,Rad,Mellicent.Rad@example.com,811059480,2023-09-21,17:00,31
78,Marleah,Hoenack,Marleah.Hoenack@example.com,267490319,2023-09-03,17:30,32
79,Addia,Sheedy,Addia.Sheedy@example.com,654548997,2023-09-14,16:30,15
80,Darci,Burch,Darci.Burch@example.com,856601242,2023-09-18,14:00,35
81,Sara-Ann,Oster,Sara-Ann.Oster@example.com,921808832,2023-09-29,15:30,27
82,Merry,Capello,Merry.Capello@example.com,764890881,2023-09-05,10:00,8
83,Concettina,Kaja,Concettina.Kaja@example.com,773347327,2023-09-01,11:00,19
84,Joy,Joachim,Joy.Joachim@example.com,243504600,2023-09-13,10:30,50
85,Jemie,August,Jemie.August@example.com,314256287,2023-09-05,12:00,19
86,Dennie,Anselmi,Dennie.Anselmi@example.com,880356909,2023-09-16,10:30,21
87,Renae,Daveta,Renae.Daveta@example.com,779737120,2023-09-06,14:00,38
88,Chere,Brodench,Chere.Brodench@example.com,650061153,2023-09-21,08:30,40
89,Gale,Friede,Gale.Friede@example.com,803230893,2023-09-19,17:30,47
90,Dyann,Hull,Dyann.Hull@example.com,810039297,2023-09-25,14:30,19
91,Allis,Dawkins,Allis.Dawkins@example.com,487329904,2023-09-21,10:30,44
92,Siana,Charmine,Siana.Charmine@example.com,157469638,2023-09-26,11:30,38
93,Natka,Hoban,Natka.Hoban@example.com,411616312,2023-09-17,10:30,43
94,Almeta,Aurelio,Almeta.Aurelio@example.com,501034495,2023-09-10,13:30,23
95,Randa,Bandeen,Randa.Bandeen@example.com,700012352,2023-09-13,10:00,6
96,Elsie,Zola,Elsie.Zola@example.com,267505832,2023-09-22,15:00,11
97,Ofilia,Harl,Ofilia.Harl@example.com,656244255,2023-09-20,08:30,38
98,Pearline,Posner,Pearline.Posner@example.com,498801031,2023-09-12,08:00,6
99,Maud,Sekofski,Maud.Sekofski@example.com,328774634,2023-09-05,14:30,10
100,Celene,Vorster,Celene.Vorster@example.com,560617078,2023-09-28,08:00,31