1,Edee,Santoro,Edee.Santoro@example.com,190976938,2023-09-09,10:00,42
2,Marti,Ralfston,Marti.Ralfston@example.com,657796365,2023-09-22,11:00,49
3,Atlanta,Decato,Atlanta.Decato@example.com,155293430,2023-09-03,13:30,5
4,Marti,Rese,Marti.Rese@example.com,440280488,2023-09-10,10:30,29
5,Reeba,Wenoa,Reeba.Wenoa@example.com,370444175,2023-09-19,16:30,47
6,Hermione,Muriel,Hermione.Muriel@example.com,673589805,2023-09-12,08:00,46
7,Daune,Isacco,Daune.Isacco@example.com,668565501,2023-09-15,13:30,15
8,Leeanne,Judye,Leeanne.Judye@example.com,453016960,2023-09-29,14:30,43
9,Sallie,Mehalek,Sallie.Mehalek@example.com,607407203,2023-09-15,13:30,21
10,Mamie,Ambrosia,Mamie.Ambrosia@example.com,173122567,2023-09-17,09:00,7
11,Daryl,Carolin,Daryl.Carolin@example.com,417428196,2023-09-03,09:00,35
12,Ebonee,Jobi,Ebonee.Jobi@example.com,194226558,2023-09-24,15:30,35
13,Genovera,Barrus,Genovera.Barrus@example.com,467926241,2023-09-06,17:30,22
14,Britni,Hanshaw,Britni.Hanshaw@example.com,627551118,2023-09-09,08:30,36
15,Ileana,Wallis,Ileana.Wallis@example.com,741504402,2023-09-08,14:00,10
16,Kathy,Iphlgenia,Kathy.Iphlgenia@example.com,753932885,2023-09-27,08:00,17
17,Tani,Carlson,Tani.Carlson@example.com,598378926,2023-09-04,16:30,38
18,Cristabel,Hoenack,Cristabel.Hoenack@example.com,842607923,2023-09-06,12:00,1
19,Meg,Fitzsimmons,Meg.Fitzsimmons@example.com,600257990,2023-09-27,10:00,16
20,Dede,Whittaker,Dede.Whittaker@example.com,158922946,2023-09-21,16:30,9
21,Tersina,Turne,Tersina.Turne@example.com,724315121,2023-09-28,10:30,38
22,Delilah,Eachern,Delilah.Eachern@example.com,887047655,2023-09-10,12:30,38
23,Aurore,Kelula,Aurore.Kelula@example.com,674334572,2023-09-18,17:00,23
24,Claresta,Poppy,Claresta.Poppy@example.com,343933907,2023-09-12,12:00,40
25,Gale,Lissi,Gale.Lissi@example.com,114576837,2023-09-08,15:00,11
26,Alie,Primalia,Alie.Primalia@example.com,500415910,2023-09-25,08:30,3
27,Roz,Carmena,Roz.Carmena@example.com,681110062,2023-09-22,09:30,50
28,Brietta,Jorgan,Brietta.Jorgan@example.com,449374163,2023-09-19,11:00,8
29,Rhea,Jeanne,Rhea.Jeanne@example.com,590135093,2023-09-20,17:30,43
30,Betta,Plato,Betta.Plato@example.com,155904068,2023-09-06,17:30,28
31,Luci,Candy,Luci.Candy@example.com,601344995,2023-09-16,13:00,46
32,Lacie,Lymann,Lacie.Lymann@example.com,812662378,2023-09-25,12:00,17
33,Janey,Ailyn,Janey.Ailyn@example.com,590580528,2023-09-23,09:30,9
34,Teriann,Gaspard,Teriann.Gaspard@example.com,160334751,2023-09-23,08:30,41
35,Deirdre,Greenwald,Deirdre.Greenwald@example.com,553763421,2023-09-25,13:30,30
36,Emelina,McAdams,Emelina.McAdams@example.com,252664779,2023-09-27,17:00,11
37,Kristan,Fennessy,Kristan.Fennessy@example.com,752007511,2023-09-22,08:30,12
38,Sindee,Clywd,Sindee.Clywd@example.com,421838749,2023-09-13,10:00,19
39,Rochette,Erich,Rochette.Erich@example.com,769321455,2023-09-13,09:30,42
40,Celisse,Knowling,Celisse.Knowling@example.com,324536898,2023-09-21,16:30,39
41,Violet,Parsaye,Violet.Parsaye@example.com,440156372,2023-09-19,13:00,4
42,Margalo,Tound,Margalo.Tound@example.com,106269745,2023-09-16,16:30,18
43,Katleen,Marcellus,Katleen.Marcellus@example.com,833668038,2023-09-07,12:00,10
44,Romona,Verger,Romona.Verger@example.com,402195203,2023-09-20,11:00,26
45,Calla,Pierette,Calla.Pierette@example.com,313632116,2023-09-03,12:30,34
46,Alia,Anderea,Alia.Anderea@example.com,358719687,2023-09-12,14:30,26
47,Benita,Bow,Benita.Bow@example.com,403756522,2023-09-11,16:00,37
48,Sheelagh,Afton,Sheelagh.Afton@example.com,948365875,2023-09-23,17:30,50
49,Patricia,Lea,Patricia.Lea@example.com,134796651,2023-09-16,09:00,46
50,Candi,Neva,Candi.Neva@example.com,135302645,2023-09-04,08:00,8
51,Tilly,Standing,Tilly.Standing@example.com,414688720,2023-09-22,09:00,12
52,Jeanna,Heisel,Jeanna.Heisel@example.com,948876333,2023-09-08,14:30,3
53,Lolita,Quinn,Lolita.Quinn@example.com,293682249,2023-09-26,09:00,48
54,Cacilie,Persse,Cacilie.Persse@example.com,342470499,2023-09-21,14:00,22
55,Hyacinthe,Kat,Hyacinthe.Kat@example.com,836377510,2023-09-18,08:00,41
56,Jeanna,Eliathas,Jeanna.Eliathas@example.com,241425486,2023-09-01,08:30,33
57,Maisey,Hathaway,Maisey.Hathaway@example.com,809773663,2023-09-03,16:00,49
58,Dode,Bluh,Dode.Bluh@example.com,415036931,2023-09-06,16:00,35
59,Ericka,Ferino,Ericka.Ferino@example.com,768860179,2023-09-16,17:30,4
60,Shaylyn,Cleavland,Shaylyn.Cleavland@example.com,329881144,2023-09-20,14:00,37
61,Adriana,Odell,Adriana.Odell@example.com,293752749,2023-09-03,14:00,14
62,Eve,Howlyn,Eve.Howlyn@example.com,469429806,2023-09-15,16:30,2
63,Modestia,Tatianas,Modestia.Tatianas@example.com,223232644,2023-09-04,16:30,15
64,Mildrid,Bertold,Mildrid.Bertold@example.com,266467387,2023-09-20,16:30,9
65,Coral,Beebe,Coral.Beebe@example.com,907597770,2023-09-17,14:00,30
66,Philis,McAdams,Philis.McAdams@example.com,570082861,2023-09-12,12:30,36
67,Stevana,Carleen,Stevana.Carleen@example.com,549306138,2023-09-08,09:30,24
68,Kara-Lynn,Armanda,Kara-Lynn.Armanda@example.com,740366914,2023-09-28,15:30,16
69,Marcelline,Amand,Marcelline.Amand@example.com,744054720,2023-09-11,09:00,19
70,Cassandra,Brian,Cassandra.Brian@example.com,154902459,2023-09-11,13:30,50
71,Sallie,Millda,Sallie.Millda@example.com,208718340,2023-09-17,08:30,3
72,Tina,Kirstin,Tina.Kirstin@example.com,702143354,2023-09-21,10:00,39
73,Janis,Jammal,Janis.Jammal@example.com,809975337,2023-09-23,17:30,34
74,Konstance,Weinreb,Konstance.Weinreb@example.com,932666526,2023-09-21,11:00,2
75,Kelly,Tamsky,Kelly.Tamsky@example.com,781127847,2023-09-19,11:00,3
76,Dennie,Pulsifer,Dennie.Pulsifer@example.com,459062373,2023-09-18,15:00,31
77,Annora,Pip,Annora.Pip@example.com,325498024,2023-09-16,12:30,23
78,Tersina,Daveta,Tersina.Daveta@example.com,942137801,2023-09-26,17:00,21
79,Annice,Thornburg,Annice.Thornburg@example.com,942029100,2023-09-20,08:00,34
80,Ernesta,Gladstone,Ernesta.Gladstone@example.com,656009760,2023-09-26,12:00,13
81,Eolanda,Fulmer,Eolanda.Fulmer@example.com,181581757,2023-09-04,15:00,21
82,Etta,Bohlin,Etta.Bohlin@example.com,368202558,2023-09-24,17:00,18
83,Genevra,Engdahl,Genevra.Engdahl@example.com,799890784,2023-09-15,10:00,34
84,Donetta,Wadell,Donetta.Wadell@example.com,383606044,2023-09-05,13:30,16
85,Laure,Pulsifer,Laure.Pulsifer@example.com,145721722,2023-09-05,11:00,9
86,Vanessa,Helve,Vanessa.Helve@example.com,231574124,2023-09-21,13:00,19
87,Debee,Cristi,Debee.Cristi@example.com,451347503,2023-09-13,17:00,3
88,Eugine,Dichy,Eugine.Dichy@example.com,354695398,2023-09-15,17:30,34
89,Adriana,Jefferey,Adriana.Jefferey@example.com,859341057,2023-09-26,16:30,38
90,Vinita,Liva,Vinita.Liva@example.com,570166555,2023-09-04,08:30,44
91,Felice,Chinua,Felice.Chinua@example.com,674993818,2023-09-21,13:30,32
92,Lynea,Gino,Lynea.Gino@example.com,291353167,2023-09-23,16:00,3
93,Gerrie,Ellord,Gerrie.Ellord@example.com,184067855,2023-09-13,16:30,10
94,Libbie,Reinke,Libbie.Reinke@example.com,553021333,2023-09-14,15:30,32
95,Angelique,Sharl,Angelique.Sharl@example.com,867685342,2023-09-02,13:30,31
96,Emmey,Tamar,Emmey.Tamar@example.com,260753112,2023-09-22,17:00,9
97,Kylynn,Bohlin,Kylynn.Bohlin@example.com,823790805,2023-09-06,14:00,3
98,Marylou,Pelagias,Marylou.Pelagias@example.com,215444873,2023-09-19,12:00,4
99,Lisette,Herrera,Lisette.Herrera@example.com,741903713,2023-09-01,13:00,34
100,Madalyn,Tengdin,Madalyn.Tengdin@example.com,118734829,2023-09-03,09:30,16
101,Norine,Hoban,Norine.Hoban@example.com,483193229,2023-09-09,11:30,35
102,Leona,Kunin,Leona.Kunin@example.com,993720614,2023-09-09,10:30,35
103,Stephanie,Alarise,Stephanie.Alarise@example.com,811702721,2023-09-29,15:00,48
104,Merle,Hunfredo,Merle.Hunfredo@example.com,912468709,2023-09-17,09:00,41
105,Alejandra,Oster,Alejandra.Oster@example.com,185530030,2023-09-24,08:30,39
106,Lory,Drus,Lory.Drus@example.com,532336431,2023-09-12,12:30,24
107,Wanda,Helve,Wanda.Helve@example.com,653771668,2023-09-16,14:00,22
108,Gerianna,Vharat,Gerianna.Vharat@example.com,308179832,2023-09-26,15:30,38
109,Juliane,Moina,Juliane.Moina@example.com,879186438,2023-09-14,17:30,10
110,Laure,Eckblad,Laure.Eckblad@example.com,417911027,2023-09-25,09:30,22
111,Gilda,Charity,Gilda.Charity@example.com,903831806,2023-09-05,08:30,14
112,Caressa,Wooster,Caressa.Wooster@example.com,834834402,2023-09-05,13:00,41
113,Roberta,Bord,Roberta.Bord@example.com,776341537,2023-09-02,09:00,47
114,Lorie,Jammal,Lorie.Jammal@example.com,756623790,2023-09-24,15:30,49
115,Regina,Uund,Regina.Uund@example.com,283106045,2023-09-14,12:00,21
116,Nickie,Chinua,Nickie.Chinua@example.com,899394959,2023-09-17,14:30,6
117,Rhoda,Narton,Rhoda.Narton@example.com,604186304,2023-09-06,10:00,32
118,Madelle,Standing,Madelle.Standing@example.com,720187856,2023-09-23,10:00,16
119,Viviene,McGrody,Viviene.McGrody@example.com,913306578,2023-09-16,11:00,16
120,Fayre,Cherianne,Fayre.Cherianne@example.com,429194503,2023-09-26,11:30,6
121,Bibby,Joseph,Bibby.Joseph@example.com,976373774,2023-09-03,13:30,27
122,Minne,Loeb,Minne.Loeb@example.com,429722394,2023-09-07,08:30,46
123,Vere,Pearse,Vere.Pearse@example.com,800760743,2023-09-01,10:00,32
124,Georgina,Belanger,Georgina.Belanger@example.com,742959164,2023-09-27,11:30,42
125,Dorothy,Ailyn,Dorothy.Ailyn@example.com,121482059,2023-09-06,09:30,22
126,Cassondra,Himelman,Cassondra.Himelman@example.com,512384292,2023-09-13,14:30,44
127,Winny,Ramona,Winny.Ramona@example.com,204143002,2023-09-16,16:00,23
128,Dione,Dearborn,Dione.Dearborn@example.com,332594002,2023-09-18,12:30,50
129,Gianina,Garek,Gianina.Garek@example.com,758008585,2023-09-04,08:30,47
130,Deloria,Ovid,Deloria.Ovid@example.com,119320161,2023-09-16,11:00,17
131,Karina,Keelia,Karina.Keelia@example.com,461135774,2023-09-11,12:30,24
132,Shirlee,Gordon,Shirlee.Gordon@example.com,752695181,2023-09-11,12:30,34
133,Florie,Gerge,Florie.Gerge@example.com,826351513,2023-09-06,10:00,34
134,Sara-Ann,Henebry,Sara-Ann.Henebry@example.com,483180578,2023-09-29,10:00,13
135,Lenna,Colp,Lenna.Colp@example.com,506429749,2023-09-19,12:30,34
136,Cassondra,Ietta,Cassondra.Ietta@example.com,601906413,2023-09-17,08:00,43
137,Ulrike,Cressida,Ulrike.Cressida@example.com,747230711,2023-09-25,16:30,44
138,Mildrid,Francyne,Mildrid.Francyne@example.com,504047705,2023-09-06,09:30,4
139,Flo,Matthew,Flo.Matthew@example.com,301520154,2023-09-07,16:30,26
140,Melina,Schalles,Melina.Schalles@example.com,754893931,2023-09-29,13:30,48
141,Jerry,McNully,Jerry.McNully@example.com,894980493,2023-09-04,09:30,30
142,Corene,O'Neill,Corene.O'Neill@example.com,402255544,2023-09-12,17:30,47
143,Talya,Cavan,Talya.Cavan@example.com,261112789,2023-09-20,11:30,31
144,Cyb,Penelopa,Cyb.Penelopa@example.com,302538940,2023-09-08,17:00,15
145,Sheree,Milde,Sheree.Milde@example.com,880501000,2023-09-07,14:30,26
146,Sam,Ciro,Sam.Ciro@example.com,448025157,2023-09-26,14:30,26
147,Luci,Vharat,Luci.Vharat@example.com,993169344,2023-09-06,09:30,49
148,Eolanda,Gordon,Eolanda.Gordon@example.com,382741130,2023-09-07,10:30,15
149,Doralynne,Hillel,Doralynne.Hillel@example.com,684317143,2023-09-10,15:30,21
150,Babita,Maples,Babita.Maples@example.com,867978061,2023-09-09,10:00,5
151,Marylou,Garbe,Marylou.Garbe@example.com,476407649,2023-09-05,11:00,49
152,Valli,Romelda,Valli.Romelda@example.com,950366023,2023-09-13,12:30,37
153,Janeczka,Sabella,Janeczka.Sabella@example.com,647371823,2023-09-11,17:30,6
154,Ashlee,Sabella,Ashlee.Sabella@example.com,698073434,2023-09-14,12:00,50
155,Verla,Hermes,Verla.Hermes@example.com,687679100,2023-09-22,10:00,26
156,Addia,Whittaker,Addia.Whittaker@example.com,281085242,2023-09-03,12:00,12
157,Ashlee,Koehler,Ashlee.Koehler@example.com,693319678,2023-09-02,14:30,42
158,Mildrid,Gino,Mildrid.Gino@example.com,676930747,2023-09-22,08:00,7
159,Lucille,Hoban,Lucille.Hoban@example.com,223669354,2023-09-01,14:00,17
160,Misha,Dunkin,Misha.Dunkin@example.com,963534838,2023-09-06,11:00,3
161,Cyndie,Stoller,Cyndie.Stoller@example.com,179880149,2023-09-28,09:30,22
162,Robbi,Sharl,Robbi.Sharl@example.com,635450952,2023-09-17,17:30,31
163,Bill,Parsaye,Bill.Parsaye@example.com,757713922,2023-09-27,15:00,8
164,Ardeen,Lumbard,Ardeen.Lumbard@example.com,152905986,2023-09-23,09:30,40
165,Addia,O'Carroll,Addia.O'Carroll@example.com,880868014,2023-09-04,09:00,17
166,Donetta,Afton,Donetta.Afton@example.com,736727237,2023-09-11,11:30,7
167,Linzy,Philipp,Linzy.Philipp@example.com,336588042,2023-09-11,17:00,47
168,Rochette,Selway,Rochette.Selway@example.com,192432582,2023-09-08,11:00,18
169,Elka,Emerson,Elka.Emerson@example.com,544919295,2023-09-18,13:00,34
170,Janey,Pillsbury,Janey.Pillsbury@example.com,596829039,2023-09-15,09:30,42
171,Harmonia,Keily,Harmonia.Keily@example.com,491953940,2023-09-23,17:30,40
172,Wilma,Wildermuth,Wilma.Wildermuth@example.com,606401660,2023-09-03,15:30,5
173,Ileana,Tillford,Ileana.Tillford@example.com,622701603,2023-09-13,13:30,4
174,Perry,Read,Perry.Read@example.com,743213969,2023-09-03,16:30,48
175,Celestyna,Velick,Celestyna.Velick@example.com,291559251,2023-09-29,17:30,39
176,Nariko,Johnsson,Nariko.Johnsson@example.com,488785517,2023-09-11,13:00,31
177,Carolina,Publia,Carolina.Publia@example.com,871123418,2023-09-27,15:30,44
178,Rani,Carvey,Rani.Carvey@example.com,681273027,2023-09-10,16:30,32
179,Brana,Mullane,Brana.Mullane@example.com,747929772,2023-09-28,15:30,26
180,Carlie,Mayeda,Carlie.Mayeda@example.com,973170325,2023-09-02,14:00,8
181,Marsiella,Aurelio,Marsiella.Aurelio@example.com,660855497,2023-09-17,15:00,17
182,Cordi,Ledah,Cordi.Ledah@example.com,122199324,2023-09-04,13:30,9
183,Chastity,Auberbach,Chastity.Auberbach@example.com,315819776,2023-09-22,14:00,5
184,Bibby,Gaynor,Bibby.Gaynor@example.com,472545869,2023-09-09,16:00,21
185,Emilia,Stover,Emilia.Stover@example.com,334787055,2023-09-29,12:00,10
186,Kylynn,Ardra,Kylynn.Ardra@example.com,725649090,2023-09-03,15:30,4
187,Mellicent,Pip,Mellicent.Pip@example.com,639139203,2023-09-20,10:00,20
188,Kial,Rossner,Kial.Rossner@example.com,312248078,2023-09-24,11:30,1
189,Amara,Old,Amara.Old@example.com,990582471,2023-09-16,12:30,16
190,Ardenia,Alcott,Ardenia.Alcott@example.com,230347225,2023-09-06,14:00,5
191,Arabel,Sawtelle,Arabel.Sawtelle@example.com,736574937,2023-09-16,14:00,32
192,Ada,Munn,Ada.Munn@example.com,582133950,2023-09-12,15:30,12
193,Jorry,Thilda,Jorry.Thilda@example.com,146775408,2023-09-19,10:00,48
194,Ursulina,Chandler,Ursulina.Chandler@example.com,691366841,2023-09-26,12:00,19
195,Cindelyn,Holtz,Cindelyn.Holtz@example.com,610622299,2023-09-08,17:30,33
196,Elsie,Audly,Elsie.Audly@example.com,456619982,2023-09-20,08:00,37
197,Natka,Roarke,Natka.Roarke@example.com,837919006,2023-09-17,15:00,5
198,Raf,Tjon,Raf.Tjon@example.com,122489156,2023-09-25,13:00,43
199,Sandie,Lail,Sandie.Lail@example.com,946272203,2023-09-14,12:00,9
200,Donetta,Albertine,Donetta.Albertine@example.com,430976016,2023-09-29,13:30,49
201,Larine,Nisbet,Larine.Nisbet@example.com,355758226,2023-09-24,16:00,49
202,Joane,Tufts,Joane.Tufts@example.com,736756329,2023-09-02,11:00,44
203,Misha,Kalinda,Misha.Kalinda@example.com,279860993,2023-09-17,17:30,8
204,Rochette,Bobbee,Rochette.Bobbee@example.com,889625078,2023-09-07,15:30,27
205,Annabela,Helfand,Annabela.Helfand@example.com,244213292,2023-09-18,09:30,38
206,Tersina,Flita,Tersina.Flita@example.com,976741843,2023-09-28,13:30,28
207,Vevay,Rebecka,Vevay.Rebecka@example.com,815223279,2023-09-09,12:00,37
208,Almeta,Tacye,Almeta.Tacye@example.com,220683396,2023-09-14,12:30,26
209,Gisela,Sherfield,Gisela.Sherfield@example.com,585319352,2023-09-21,16:30,40
210,Andree,Rurik,Andree.Rurik@example.com,252318671,2023-09-19,14:30,32
211,Ronna,Ries,Ronna.Ries@example.com,907448334,2023-09-18,10:30,26
212,Heida,Turne,Heida.Turne@example.com,300132674,2023-09-07,11:30,2
213,Jean,Kazimir,Jean.Kazimir@example.com,787967383,2023-09-21,09:30,49
214,Deedee,Gemini,Deedee.Gemini@example.com,230372121,2023-09-21,12:30,24
215,Concettina,Poll,Concettina.Poll@example.com,962472836,2023-09-12,13:30,8
216,Krystle,Bibi,Krystle.Bibi@example.com,113547680,2023-09-02,17:00,49
217,Bill,Saree,Bill.Saree@example.com,690481384,2023-09-26,09:30,41
218,Merrie,Adalbert,Merrie.Adalbert@example.com,712353907,2023-09-10,09:30,29
219,Arlena,Maiah,Arlena.Maiah@example.com,492019105,2023-09-14,09:00,23
220,Alleen,Niles,Alleen.Niles@example.com,934827072,2023-09-05,15:30,46
221,Arlena,Bivins,Arlena.Bivins@example.com,606886284,2023-09-15,13:00,43
222,Andeee,Lilas,Andeee.Lilas@example.com,142596651,2023-09-15,11:00,2
223,Delilah,Raama,Delilah.Raama@example.com,776649158,2023-09-12,08:30,47
224,Basia,Dominy,Basia.Dominy@example.com,667143282,2023-09-22,16:30,8
225,Gavrielle,Sadowski,Gavrielle.Sadowski@example.com,616705384,2023-09-28,08:30,14
226,Diena,Jacinda,Diena.Jacinda@example.com,173708836,2023-09-15,14:00,37
227,Ashlee,Leifeste,Ashlee.Leifeste@example.com,312873587,2023-09-26,16:00,13
228,Raf,Mozelle,Raf.Mozelle@example.com,256291063,2023-09-04,08:00,4
229,Gratia,Ackerley,Gratia.Ackerley@example.com,675086083,2023-09-06,10:00,45
230,Lauryn,Alfons,Lauryn.Alfons@example.com,480240998,2023-09-29,11:00,31
231,Gusty,Lia,Gusty.Lia@example.com,701834843,2023-09-07,10:30,3
232,Jinny,Middleton,Jinny.Middleton@example.com,368614069,2023-09-02,11:30,19
233,Thalia,Chauncey,Thalia.Chauncey@example.com,213718891,2023-09-18,10:00,6
234,Phylis,Pauly,Phylis.Pauly@example.com,642051689,2023-09-22,11:00,24
235,Lanae,Colyer,Lanae.Colyer@example.com,120728825,2023-09-18,13:30,11
236,Almeta,Bari,Almeta.Bari@example.com,829941277,2023-09-22,11:30,22
237,Sandie,Posner,Sandie.Posner@example.com,496672757,2023-09-08,15:00,23
238,Jennica,Alva,Jennica.Alva@example.com,109840002,2023-09-02,16:00,40
239,Pollyanna,Tice,Pollyanna.Tice@example.com,144182485,2023-09-03,13:00,12
240,Aryn,Aloise,Aryn.Aloise@example.com,811301215,2023-09-14,16:00,15
241,Gwenneth,Campball,Gwenneth.Campball@example.com,257164722,2023-09-12,08:30,15
242,Fayre,Ax,Fayre.Ax@example.com,280515080,2023-09-15,15:30,14
243,Gwyneth,Nunci,Gwyneth.Nunci@example.com,780694878,2023-09-18,10:30,27
244,Bill,Remmer,Bill.Remmer@example.com,796076275,2023-09-20,13:30,33
245,Merry,Hieronymus,Merry.Hieronymus@example.com,718582141,2023-09-29,08:30,18
246,Paule,Tryck,Paule.Tryck@example.com,810936444,2023-09-29,15:00,20
247,Rochette,Lesley,Rochette.Lesley@example.com,545807508,2023-09-21,08:30,24
248,Ekaterina,Michella,Ekaterina.Michella@example.com,522238661,2023-09-19,11:00,19
249,Vivia,Oscar,Vivia.Oscar@example.com,168090490,2023-09-06,09:00,11
250,Bibby,Greyson,Bibby.Greyson@example.com,554653739,2023-09-11,12:00,31
251,Aurelie,Knowling,Aurelie.Knowling@example.com,273653575,2023-09-17,14:30,49
252,Lynde,Gert,Lynde.Gert@example.com,893784212,2023-09-20,10:00,20
253,Caritta,Rubie,Caritta.Rubie@example.com,359423113,2023-09-27,13:30,6
254,Jenda,Fabiola,Jenda.Fabiola@example.com,593669337,2023-09-27,17:30,29
255,Dawn,Rurik,Dawn.Rurik@example.com,723845257,2023-09-11,08:30,46
256,Heddie,Amand,Heddie.Amand@example.com,479450076,2023-09-21,14:00,4
257,Nonnah,Daveta,Nonnah.Daveta@example.com,603942598,2023-09-16,13:30,28
258,Gwyneth,Karna,Gwyneth.Karna@example.com,559463216,2023-09-28,17:00,11
259,Patricia,Giule,Patricia.Giule@example.com,640671008,2023-09-03,11:30,41
260,Katharina,Cimbura,Katharina.Cimbura@example.com,548055812,2023-09-06,09:30,47
261,Cecile,Creamer,Cecile.Creamer@example.com,923316819,2023-09-19,16:30,8
262,Annaliese,Tamsky,Annaliese.Tamsky@example.com,766465247,2023-09-01,10:00,47
263,Dawn,Vivle,Dawn.Vivle@example.com,272167618,2023-09-14,10:30,45
264,Cassandra,Ethban,Cassandra.Ethban@example.com,549062956,2023-09-10,16:30,2
265,Corene,Berl,Corene.Berl@example.com,990653345,2023-09-26,10:00,45
266,Valeda,Rebecka,Valeda.Rebecka@example.com,761120485,2023-09-29,10:00,27
267,Dagmar,Francyne,Dagmar.Francyne@example.com,635002630,2023-09-01,10:30,50
268,Rhoda,Horan,Rhoda.Horan@example.com,762184084,2023-09-15,17:00,31
269,Molli,Shelba,Molli.Shelba@example.com,599087415,2023-09-25,10:00,50
270,Sonni,Eben,Sonni.Eben@example.com,266535520,2023-09-24,15:30,7
271,Netty,Nisbet,Netty.Nisbet@example.com,302136314,2023-09-20,17:30,47
272,Almeta,Uird,Almeta.Uird@example.com,207779953,2023-09-13,12:30,15
273,Tierney,Waldron,Tierney.Waldron@example.com,217179191,2023-09-03,10:00,50
274,Janis,Hamil,Janis.Hamil@example.com,573333888,2023-09-15,09:30,30
275,Claresta,Lay,Claresta.Lay@example.com,478675645,2023-09-27,16:30,11
276,Hettie,Jefferey,Hettie.Jefferey@example.com,297109022,2023-09-20,11:00,25
277,Marjie,Si,Marjie.Si@example.com,329852353,2023-09-20,09:30,37
278,Cyndie,Stav,Cyndie.Stav@example.com,126472425,2023-09-23,09:00,14
279,Averyl,Firmin,Averyl.Firmin@example.com,899350283,2023-09-05,16:30,47
280,Elka,Nore,Elka.Nore@example.com,109461855,2023-09-22,17:00,10
281,Mallory,Dalli,Mallory.Dalli@example.com,444059067,2023-09-23,10:00,33
282,Penelopa,Isacco,Penelopa.Isacco@example.com,101304811,2023-09-23,13:30,29
283,Leanna,Tatianas,Leanna.Tatianas@example.com,318764325,2023-09-21,16:30,17
284,Gilda,Henrie,Gilda.Henrie@example.com,789086939,2023-09-09,16:30,25
285,Lexine,Sawtelle,Lexine.Sawtelle@example.com,936458967,2023-09-29,12:30,49
286,Norine,Podvin,Norine.Podvin@example.com,195824426,2023-09-20,16:00,2
287,Roz,Linehan,Roz.Linehan@example.com,506272507,2023-09-23,14:00,13
288,Kellen,Urania,Kellen.Urania@example.com,959255698,2023-09-17,10:30,34
289,Veda,Erminia,Veda.Erminia@example.com,573304558,2023-09-25,15:00,37
290,Alyssa,Jefferey,Alyssa.Jefferey@example.com,560757374,2023-09-23,10:30,13
291,Marguerite,Melony,Marguerite.Melony@example.com,703976031,2023-09-21,09:30,33
292,Beverley,Montgomery,Beverley.Montgomery@example.com,633355351,2023-09-25,09:30,32
293,Calla,Llovera,Calla.Llovera@example.com,613928750,2023-09-03,12:30,15
294,Jackie,Suk,Jackie.Suk@example.com,969440023,2023-09-14,15:00,5
295,Edith,Berl,Edith.Berl@example.com,796366644,2023-09-09,08:00,43
296,Merle,Bollay,Merle.Bollay@example.com,363276183,2023-09-28,16:00,30
297,Lyssa,Raimondo,Lyssa.Raimondo@example.com,140268049,2023-09-08,14:30,47
298,Tersina,Pauly,Tersina.Pauly@example.com,816084319,2023-09-20,10:30,20
299,Taffy,Selway,Taffy.Selway@example.com,180465965,2023-09-29,15:00,9
300,Jeanna,Zenas,Jeanna.Zenas@example.com,954220428,2023-09-12,09:30,10
301,Deloria,Brian,Deloria.Brian@example.com,442629266,2023-09-15,09:30,33
302,Tabbatha,Linehan,Tabbatha.Linehan@example.com,820901256,2023-09-05,13:00,35
303,Viki,Ferrell,Viki.Ferrell@example.com,337367288,2023-09-19,16:30,42
304,Merci,Izaak,Merci.Izaak@example.com,799803784,2023-09-21,11:30,30
305,Sissy,Fosque,Sissy.Fosque@example.com,407516216,2023-09-26,10:30,23
306,Valeda,Sothena,Valeda.Sothena@example.com,463483449,2023-09-01,15:30,21
307,Helsa,Graig,Helsa.Graig@example.com,759251217,2023-09-18,09:30,39
308,Katharina,McNully,Katharina.McNully@example.com,218559758,2023-09-03,15:30,12
309,Anestassia,Jagir,Anestassia.Jagir@example.com,578567021,2023-09-17,09:30,16
310,Marcy,Bartlett,Marcy.Bartlett@example.com,222848458,2023-09-20,09:00,11
311,Harmonia,Hepsibah,Harmonia.Hepsibah@example.com,278848969,2023-09-27,14:30,16
312,Atlanta,Parsaye,Atlanta.Parsaye@example.com,657890913,2023-09-06,10:30,38
313,Arabel,Aurelio,Arabel.Aurelio@example.com,970782479,2023-09-09,13:00,46
314,Roslyn,Rodmann,Roslyn.Rodmann@example.com,255975522,2023-09-08,14:30,18
315,Jenilee,Old,Jenilee.Old@example.com,223033241,2023-09-08,10:00,46
316,Phedra,Dorcy,Phedra.Dorcy@example.com,911293883,2023-09-02,09:00,19
317,Rochette,Henebry,Rochette.Henebry@example.com,458339996,2023-09-07,15:00,44
318,Averyl,Haymes,Averyl.Haymes@example.com,970788225,2023-09-11,10:30,13
319,Minne,Bebe,Minne.Bebe@example.com,675690144,2023-09-12,09:00,41
320,Sissy,Jerald,Sissy.Jerald@example.com,812783993,2023-09-22,11:30,22
321,Mireielle,Ahab,Mireielle.Ahab@example.com,775918010,2023-09-07,11:30,11
322,Leontine,Gino,Leontine.Gino@example.com,330062027,2023-09-11,14:00,26
323,Jorry,Marisa,Jorry.Marisa@example.com,154977462,2023-09-28,12:00,14
324,Constance,Publia,Constance.Publia@example.com,492182687,2023-09-28,09:00,4
325,Aeriela,Vacuva,Aeriela.Vacuva@example.com,494570606,2023-09-12,11:30,3
326,Margarette,Schwejda,Margarette.Schwejda@example.com,144257463,2023-09-22,12:00,37
327,Shannah,Baudin,Shannah.Baudin@example.com,899811142,2023-09-05,12:00,27
328,Morganica,Monaco,Morganica.Monaco@example.com,705813995,2023-09-16,16:30,13
329,Edee,Rona,Edee.Rona@example.com,912508207,2023-09-17,14:00,23
330,Babita,Deny,Babita.Deny@example.com,808425357,2023-09-22,14:30,29
331,Tonia,Dielu,Tonia.Dielu@example.com,753857375,2023-09-22,08:30,6
332,Rhea,Markman,Rhea.Markman@example.com,154185584,2023-09-13,08:30,35
333,Aimil,Honoria,Aimil.Honoria@example.com,890171215,2023-09-16,10:30,19
334,Gui,Tengdin,Gui.Tengdin@example.com,283342154,2023-09-15,10:00,39
335,Monika,Vale,Monika.Vale@example.com,753001480,2023-09-25,09:30,33
336,Fawne,Oneida,Fawne.Oneida@example.com,207894213,2023-09-11,15:30,20
337,Sybille,Pauly,Sybille.Pauly@example.com,159465245,2023-09-16,12:30,8
338,Mignon,Dulciana,Mignon.Dulciana@example.com,447580984,2023-09-26,09:30,18
339,Grier,Evangelia,Grier.Evangelia@example.com,379625483,2023-09-13,16:30,11
340,Annice,Byrne,Annice.Byrne@example.com,536110160,2023-09-21,17:00,6
341,Ekaterina,Casimir,Ekaterina.Casimir@example.com,395191503,2023-09-28,09:30,50
342,Tilly,Radu,Tilly.Radu@example.com,728210741,2023-09-21,17:00,47
343,Rivalee,Tamsky,Rivalee.Tamsky@example.com,778661855,2023-09-24,15:00,2
344,Tatiania,O'Neill,Tatiania.O'Neill@example.com,833825623,2023-09-24,11:30,29
345,Hannis,Mayeda,Hannis.Mayeda@example.com,243963261,2023-09-17,17:30,9
346,Maye,Cimbura,Maye.Cimbura@example.com,874198952,2023-09-17,14:00,30
347,Dominga,Halla,Dominga.Halla@example.com,346451815,2023-09-14,13:00,1
348,Regina,Torray,Regina.Torray@example.com,840047314,2023-09-18,13:30,1
349,Tami,Gert,Tami.Gert@example.com,227467539,2023-09-27,08:00,16
350,Orsola,Viddah,Orsola.Viddah@example.com,549358768,2023-09-06,12:30,5
351,Philis,Rillings,Philis.Rillings@example.com,100649421,2023-09-02,16:00,37
352,Yetty,Nikaniki,Yetty.Nikaniki@example.com,429018217,2023-09-13,11:30,41
353,Charmaine,Sundin,Charmaine.Sundin@example.com,584184683,2023-09-29,13:30,30
354,Julieta,Reneta,Julieta.Reneta@example.com,165091239,2023-09-14,13:00,48
355,Natka,Deny,Natka.Deny@example.com,446073616,2023-09-21,15:30,34
356,Bobbi,Podvin,Bobbi.Podvin@example.com,686116016,2023-09-16,08:00,37
357,Edyth,Codding,Edyth.Codding@example.com,511173742,2023-09-23,11:00,33
358,Minda,Elephus,Minda.Elephus@example.com,983314516,2023-09-19,15:00,1
359,Gusty,Demitria,Gusty.Demitria@example.com,436453086,2023-09-01,12:30,41
360,Nananne,Fleeta,Nananne.Fleeta@example.com,484714443,2023-09-20,08:30,15
361,Raina,Serilda,Raina.Serilda@example.com,560448019,2023-09-22,16:00,31
362,Tiffie,Anton,Tiffie.Anton@example.com,357182717,2023-09-08,14:30,21
363,Grier,Amasa,Grier.Amasa@example.com,469468610,2023-09-29,13:00,21
364,Sharai,Hutchison,Sharai.Hutchison@example.com,253073402,2023-09-29,12:00,6
365,Shandie,Aloise,Shandie.Aloise@example.com,343519860,2023-09-24,17:00,8
366,Annora,Zetta,Annora.Zetta@example.com,271536050,2023-09-02,14:30,17
367,Angelique,Giule,Angelique.Giule@example.com,772646603,2023-09-02,09:00,48
368,Phylis,Pascia,Phylis.Pascia@example.com,332823168,2023-09-27,11:30,12
369,Reeba,Donell,Reeba.Donell@example.com,343958139,2023-09-24,16:30,41
370,Lorne,Brunell,Lorne.Brunell@example.com,382521025,2023-09-20,15:30,19
371,Barbara,Gilbertson,Barbara.Gilbertson@example.com,698423998,2023-09-04,15:30,27
372,Tori,Ambrosia,Tori.Ambrosia@example.com,463151532,2023-09-24,13:00,32
373,Sabina,Lorain,Sabina.Lorain@example.com,134069767,2023-09-04,13:30,1
374,Ottilie,Poll,Ottilie.Poll@example.com,508004122,2023-09-12,09:00,12
375,Regina,Claudine,Regina.Claudine@example.com,400889956,2023-09-28,08:30,33
376,Chrystel,Madox,Chrystel.Madox@example.com,779396396,2023-09-05,16:00,37
377,Audrie,Ashok,Audrie.Ashok@example.com,207794335,2023-09-25,16:00,41
378,Belinda,Mendez,Belinda.Mendez@example.com,702170630,2023-09-04,17:00,1
379,Nickie,Drisko,Nickie.Drisko@example.com,958735872,2023-09-17,14:30,41
380,Harmonia,Nahum,Harmonia.Nahum@example.com,609424162,2023-09-23,13:30,42
381,Jean,Francene,Jean.Francene@example.com,488099041,2023-09-29,10:30,27
382,Chere,Neils,Chere.Neils@example.com,189222343,2023-09-18,10:30,44
383,Quintina,Cullin,Quintina.Cullin@example.com,934920928,2023-09-07,12:00,10
384,Hayley,Creamer,Hayley.Creamer@example.com,819670000,2023-09-26,11:30,34
385,Sophia,Koehler,Sophia.Koehler@example.com,542185021,2023-09-05,14:00,44
386,Jillayne,Harday,Jillayne.Harday@example.com,923094731,2023-09-14,15:00,24
387,Caritta,Keelia,Caritta.Keelia@example.com,278919713,2023-09-18,15:00,33
388,Bernardine,Wallis,Bernardine.Wallis@example.com,224939956,2023-09-26,13:00,14
389,Tami,Wenoa,Tami.Wenoa@example.com,503352247,2023-09-17,09:00,16
390,Tami,Tacye,Tami.Tacye@example.com,249784651,2023-09-19,14:00,37
391,Nonnah,Hanshaw,Nonnah.Hanshaw@example.com,403924208,2023-09-15,17:30,31
392,Emmey,Raama,Emmey.Raama@example.com,463913530,2023-09-03,13:00,26
393,Viki,McNully,Viki.McNully@example.com,957402834,2023-09-17,08:00,31
394,Brooks,Fabiola,Brooks.Fabiola@example.com,208079662,2023-09-06,17:00,34
395,Karolina,Darbie,Karolina.Darbie@example.com,283867951,2023-09-27,13:00,14
396,Modestia,Fillbert,Modestia.Fillbert@example.com,832843042,2023-09-24,16:00,23
397,Brena,Ummersen,Brena.Ummersen@example.com,743067494,2023-09-02,15:00,39
398,Asia,Screens,Asia.Screens@example.com,300814950,2023-09-11,09:00,5
399,Edee,Jobi,Edee.Jobi@example.com,620282728,2023-09-03,11:00,34
400,Karena,Atonsah,Karena.Atonsah@example.com,638319248,2023-09-26,17:00,3
401,Claresta,Israeli,Claresta.Israeli@example.com,168475114,2023-09-25,17:30,10
402,Rani,Abbot,Rani.Abbot@example.com,859208820,2023-09-24,11:00,44
403,Chastity,Ferrell,Chastity.Ferrell@example.com,238349121,2023-09-13,08:30,25
404,Marinna,Nikaniki,Marinna.Nikaniki@example.com,233871213,2023-09-06,13:30,15
405,Lynea,Hazlett,Lynea.Hazlett@example.com,975658657,2023-09-06,09:00,12
406,Lacie,Holtz,Lacie.Holtz@example.com,742762560,2023-09-04,14:00,11
407,Ottilie,Warthman,Ottilie.Warthman@example.com,448924849,2023-09-15,13:00,15
408,Etta,Willie,Etta.Willie@example.com,942919191,2023-09-22,11:30,50
409,Tybie,Crudden,Tybie.Crudden@example.com,588660426,2023-09-12,10:30,13
410,Augustine,Kauppi,Augustine.Kauppi@example.com,543989394,2023-09-04,09:00,20
411,Sheelagh,Audly,Sheelagh.Audly@example.com,679961002,2023-09-03,11:30,26
412,Jolyn,Sholley,Jolyn.Sholley@example.com,160035914,2023-09-14,16:30,30
413,Maryellen,Sigfrid,Maryellen.Sigfrid@example.com,670468717,2023-09-06,11:00,33
414,Ericka,Hachmin,Ericka.Hachmin@example.com,544484444,2023-09-14,14:00,11
415,Lynnea,Douglass,Lynnea.Douglass@example.com,247494651,2023-09-19,10:00,7
416,Cindelyn,Baylor,Cindelyn.Baylor@example.com,407480766,2023-09-16,14:30,6
417,Carlie,Allina,Carlie.Allina@example.com,806464554,2023-09-06,10:00,5
418,Mignon,Rad,Mignon.Rad@example.com,162758691,2023-09-02,16:30,25
419,Andeee,Sheng,Andeee.Sheng@example.com,643713513,2023-09-04,13:00,37
420,Chere,Jaylene,Chere.Jaylene@example.com,467638715,2023-09-22,16:00,16
421,Lusa,Angelis,Lusa.Angelis@example.com,425834853,2023-09-27,08:00,21
422,Jean,Ledah,Jean.Ledah@example.com,786878989,2023-09-14,09:30,15
423,Kimberley,Bates,Kimberley.Bates@example.com,211703010,2023-09-09,15:30,4
424,Evaleen,Harday,Evaleen.Harday@example.com,565855794,2023-09-05,09:30,21
425,Elvira,Rona,Elvira.Rona@example.com,630128318,2023-09-05,10:00,34
426,Donetta,Andrel,Donetta.Andrel@example.com,761930453,2023-09-03,09:00,19
427,Corry,Truc,Corry.Truc@example.com,204766417,2023-09-29,14:30,47
428,Dione,Bebe,Dione.Bebe@example.com,775206484,2023-09-08,10:00,45
429,Mellicent,Cristi,Mellicent.Cristi@example.com,987863484,2023-09-15,08:30,46
430,Claudina,Cookie,Claudina.Cookie@example.com,201220677,2023-09-01,10:00,38
431,Pierette,O'Neill,Pierette.O'Neill@example.com,978093837,2023-09-09,15:00,27
432,Nataline,Huggins,Nataline.Huggins@example.com,456755654,2023-09-21,17:00,50
433,Fanny,Bobbee,Fanny.Bobbee@example.com,965564372,2023-09-14,11:30,34
434,Heddie,Pond,Heddie.Pond@example.com,257948313,2023-09-14,14:30,34
435,Emma,Vacuva,Emma.Vacuva@example.com,809809220,2023-09-11,08:00,9
436,Mathilda,Muriel,Mathilda.Muriel@example.com,110079430,2023-09-08,09:00,34
437,Emylee,Torray,Emylee.Torray@example.com,453419753,2023-09-10,09:30,11
438,Olivette,Papageno,Olivette.Papageno@example.com,109752022,2023-09-18,14:30,13
439,Orsola,Weinreb,Orsola.Weinreb@example.com,682457521,2023-09-08,13:30,36
440,Karly,Hachmin,Karly.Hachmin@example.com,664792569,2023-09-22,17:30,25
441,Carmencita,Goth,Carmencita.Goth@example.com,661612071,2023-09-18,10:00,32
442,Cyb,Goldina,Cyb.Goldina@example.com,731359367,2023-09-06,14:00,14
443,Selia,Buckler,Selia.Buckler@example.com,467474928,2023-09-08,11:00,19
444,Inga,Joeann,Inga.Joeann@example.com,537092828,2023-09-02,09:00,47
445,Ottilie,Rad,Ottilie.Rad@example.com,922912553,2023-09-09,16:00,20
446,Cherrita,Nedrud,Cherrita.Nedrud@example.com,871757072,2023-09-29,16:00,46
447,Ulrike,Seagraves,Ulrike.Seagraves@example.com,470597848,2023-09-20,15:30,5
448,Kamilah,Brenn,Kamilah.Brenn@example.com,460211336,2023-09-15,14:30,36
449,Taffy,Socha,Taffy.Socha@example.com,707855789,2023-09-15,15:00,22
450,Dianemarie,Socha,Dianemarie.Socha@example.com,129211785,2023-09-26,08:00,32
451,Katleen,Leonard,Katleen.Leonard@example.com,961174482,2023-09-12,13:30,36
452,Kerrin,Thunell,Kerrin.Thunell@example.com,593791988,2023-09-24,08:30,2
453,Valera,Vastah,Valera.Vastah@example.com,346416072,2023-09-23,17:30,24
454,Iseabal,Evvie,Iseabal.Evvie@example.com,220497392,2023-09-04,12:00,31
455,Georgina,Kamaria,Georgina.Kamaria@example.com,917095059,2023-09-20,15:00,1
456,Ninnetta,Bergman,Ninnetta.Bergman@example.com,778069745,2023-09-18,08:00,46
457,Sybille,Emmy,Sybille.Emmy@example.com,518522651,2023-09-23,08:00,48
458,Dianemarie,Zina,Dianemarie.Zina@example.com,472458604,2023-09-29,14:00,24
459,Darlleen,Presber,Darlleen.Presber@example.com,663993493,2023-09-03,12:30,23
460,Heida,Jerold,Heida.Jerold@example.com,903702145,2023-09-21,16:30,21
461,Molli,Manolo,Molli.Manolo@example.com,410104396,2023-09-28,16:30,49
462,Julieta,Wallis,Julieta.Wallis@example.com,215456793,2023-09-11,13:30,29
463,Caritta,Gale,Caritta.Gale@example.com,144730061,2023-09-11,11:30,24
464,Elbertina,Ludewig,Elbertina.Ludewig@example.com,965117568,2023-09-13,08:30,40
465,Tracey,Kress,Tracey.Kress@example.com,533402711,2023-09-05,16:00,38
466,Quintina,Florina,Quintina.Florina@example.com,719805628,2023-09-11,09:00,20
467,Jacquetta,Warthman,Jacquetta.Warthman@example.com,704450195,2023-09-11,15:00,14
468,Oralee,Ax,Oralee.Ax@example.com,416462421,2023-09-02,13:30,47
469,Paulita,Meli,Paulita.Meli@example.com,545855996,2023-09-25,15:30,49
470,Albertina,Lauraine,Albertina.Lauraine@example.com,357891798,2023-09-17,12:30,11
471,Meghann,Brieta,Meghann.Brieta@example.com,205991625,2023-09-27,08:00,44
472,Frances,Elvyn,Frances.Elvyn@example.com,190301400,2023-09-29,11:00,20
473,Valeda,Lissi,Valeda.Lissi@example.com,625445704,2023-09-05,09:30,31
474,Wynne,Arne,Wynne.Arne@example.com,360321551,2023-09-19,11:00,46
475,Myrtice,Adore,Myrtice.Adore@example.com,809570612,2023-09-07,12:00,31
476,Katuscha,Friede,Katuscha.Friede@example.com,476244155,2023-09-30,10:30,15
477,Darci,Yoko,Darci.Yoko@example.com,824282956,2023-09-21,14:00,42
478,Mureil,Kirstin,Mureil.Kirstin@example.com,815298468,2023-09-26,10:00,25
479,Lelah,Uird,Lelah.Uird@example.com,844368219,2023-09-14,16:30,16
480,Kamilah,Sawtelle,Kamilah.Sawtelle@example.com,469717111,2023-09-01,16:00,17
481,Andree,Evangelia,Andree.Evangelia@example.com,156943653,2023-09-27,12:00,16
482,Hallie,Drisko,Hallie.Drisko@example.com,247841754,2023-09-21,09:30,24
483,Kimberley,Hirsch,Kimberley.Hirsch@example.com,582191166,2023-09-28,13:00,42
484,Dominga,Muriel,Dominga.Muriel@example.com,320468126,2023-09-28,17:30,49
485,Ardeen,Dahlia,Ardeen.Dahlia@example.com,592094232,2023-09-24,13:30,31
486,Aili,Loring,Aili.Loring@example.com,253866930,2023-09-19,08:30,21
487,Kary,Mott,Kary.Mott@example.com,481473239,2023-09-09,08:30,39
488,Rayna,Leonard,Rayna.Leonard@example.com,372377475,2023-09-06,11:00,23
489,Krystle,Susannah,Krystle.Susannah@example.com,596613251,2023-09-24,10:00,31
490,Xylina,Auberbach,Xylina.Auberbach@example.com,497490566,2023-09-12,10:00,46
491,Kathy,Ax,Kathy.Ax@example.com,794277612,2023-09-23,16:00,19
492,Eugine,Florina,Eugine.Florina@example.com,158460687,2023-09-22,09:30,4
493,Sonni,Donoghue,Sonni.Donoghue@example.com,613246091,2023-09-19,16:00,15
494,Roslyn,Cassius,Roslyn.Cassius@example.com,478850179,2023-09-08,16:30,14
495,Dulce,Clara,Dulce.Clara@example.com,659214994,2023-09-25,15:30,20
496,Raina,Clywd,Raina.Clywd@example.com,794723478,2023-09-22,17:00,32
497,Josephine,Baylor,Josephine.Baylor@example.com,457060271,2023-09-28,09:00,47
498,Rebeca,Elbertina,Rebeca.Elbertina@example.com,395903740,2023-09-19,08:00,25
499,Aurelie,Rudolph,Aurelie.Rudolph@example.com,393322787,2023-09-02,14:00,25
500,Nanete,Elephus,Nanete.Elephus@example.com,526619989,2023-09-02,17:30,39
501,Lorne,Grayce,Lorne.Grayce@example.com,631212282,2023-09-04,10:00,7
502,Leanna,Felizio,Leanna.Felizio@example.com,155673731,2023-09-06,12:30,32
503,Cecile,Flyn,Cecile.Flyn@example.com,827744641,2023-09-23,11:00,15
504,Isa,Fadiman,Isa.Fadiman@example.com,639367838,2023-09-21,10:00,23
505,Fanchon,Stelle,Fanchon.Stelle@example.com,761773514,2023-09-02,09:00,41
506,Kaia,Shelba,Kaia.Shelba@example.com,164687827,2023-09-16,09:00,40
507,Siana,Gaulin,Siana.Gaulin@example.com,538988113,2023-09-22,08:00,46
508,Rozele,Natica,Rozele.Natica@example.com,798387328,2023-09-07,08:00,25
509,Kimberley,Hanshaw,Kimberley.Hanshaw@example.com,223085582,2023-09-26,12:00,11
510,Barbara,Trey,Barbara.Trey@example.com,713654914,2023-09-05,09:00,29
511,Vanessa,Torray,Vanessa.Torray@example.com,639292188,2023-09-26,11:00,4
512,Bernie,Shaver,Bernie.Shaver@example.com,863745399,2023-09-23,11:00,3
513,Clo,Adamsen,Clo.Adamsen@example.com,285879339,2023-09-07,10:30,29
514,Aili,Read,Aili.Read@example.com,782612432,2023-09-21,16:30,41
515,Sonni,Publia,Sonni.Publia@example.com,556905362,2023-09-02,15:30,31
516,Gwyneth,Thilda,Gwyneth.Thilda@example.com,301414875,2023-09-18,12:30,16
517,Wanda,Maiah,Wanda.Maiah@example.com,742042928,2023-09-02,08:30,26
518,Di,Lynn,Di.Lynn@example.com,523702084,2023-09-24,12:00,39
519,Almeta,Bonucci,Almeta.Bonucci@example.com,571613516,2023-09-13,11:00,8
520,Fidelia,Afton,Fidelia.Afton@example.com,180564684,2023-09-22,09:00,34
521,Bill,Brotherson,Bill.Brotherson@example.com,649890788,2023-09-21,12:00,17
522,Elie,Even,Elie.Even@example.com,766347260,2023-09-27,12:30,42
523,Clarice,Lattie,Clarice.Lattie@example.com,866010291,2023-09-11,16:30,21
524,Ekaterina,Viddah,Ekaterina.Viddah@example.com,349460671,2023-09-14,11:00,33
525,Chickie,Othilia,Chickie.Othilia@example.com,232953199,2023-09-05,10:30,20
526,Marika,Janith,Marika.Janith@example.com,942166659,2023-09-17,12:00,47
527,Merci,Concha,Merci.Concha@example.com,827193186,2023-09-21,10:00,14
528,Linzy,Phaidra,Linzy.Phaidra@example.com,916469231,2023-09-20,10:00,48
529,Meg,Clara,Meg.Clara@example.com,192826160,2023-09-04,11:30,21
530,Darci,Ralfston,Darci.Ralfston@example.com,896866207,2023-09-11,14:00,18
531,Berta,Birdella,Berta.Birdella@example.com,187203348,2023-09-11,12:00,41
532,Dari,Marisa,Dari.Marisa@example.com,914512766,2023-09-27,14:00,28
533,Sharai,Abbot,Sharai.Abbot@example.com,250932724,2023-09-28,16:30,48
534,Audrie,Christine,Audrie.Christine@example.com,649931775,2023-09-15,17:00,26
535,Blinni,O'Carroll,Blinni.O'Carroll@example.com,129432589,2023-09-22,16:30,15
536,Odessa,Brittani,Odessa.Brittani@example.com,182079023,2023-09-07,11:30,17
537,Aeriela,Ambrosia,Aeriela.Ambrosia@example.com,853788266,2023-09-06,11:00,3
538,Jemie,Christal,Jemie.Christal@example.com,962917777,2023-09-13,12:30,28
539,Adriana,McClimans,Adriana.McClimans@example.com,468276072,2023-09-20,09:00,28
540,Gilda,Stanwood,Gilda.Stanwood@example.com,389334490,2023-09-11,15:00,40
541,Ana,Audly,Ana.Audly@example.com,487587511,2023-09-23,10:00,9
542,Elvira,My,Elvira.My@example.com,299545488,2023-09-05,12:30,3
543,Ricky,Sandye,Ricky.Sandye@example.com,469057306,2023-09-13,17:00,9
544,Asia,Nedrud,Asia.Nedrud@example.com,539142393,2023-09-19,08:30,19
545,Hope,Fancie,Hope.Fancie@example.com,143235836,2023-09-14,13:00,8
546,Stephanie,Deegan,Stephanie.Deegan@example.com,887624801,2023-09-15,10:00,24
547,Perry,Ruvolo,Perry.Ruvolo@example.com,602853416,2023-09-10,10:00,50
548,Catharine,Heidt,Catharine.Heidt@example.com,320216599,2023-09-15,11:00,30
549,Kaia,Rurik,Kaia.Rurik@example.com,387679480,2023-09-25,15:00,25
550,Jolyn,Eben,Jolyn.Eben@example.com,539392477,2023-09-22,12:00,16
551,Ermengarde,Ochs,Ermengarde.Ochs@example.com,190679263,2023-09-28,12:00,25
552,Fanny,Ophelia,Fanny.Ophelia@example.com,487411674,2023-09-09,13:00,15
553,Belva,Gert,Belva.Gert@example.com,114118640,2023-09-25,12:30,14
554,Mamie,Bollay,Mamie.Bollay@example.com,893956544,2023-09-19,13:30,41
555,Heddie,Frendel,Heddie.Frendel@example.com,596807091,2023-09-15,10:30,34
556,Courtnay,Erminia,Courtnay.Erminia@example.com,394310334,2023-09-06,10:30,7
557,Alleen,Maiah,Alleen.Maiah@example.com,103211201,2023-09-05,11:00,8
558,Myrtice,Alcott,Myrtice.Alcott@example.com,404457430,2023-09-09,13:30,29
559,Cassandra,Alrich,Cassandra.Alrich@example.com,817606275,2023-09-10,17:30,32
560,Lilith,Grayce,Lilith.Grayce@example.com,590164624,2023-09-14,15:00,47
561,Queenie,Ietta,Queenie.Ietta@example.com,904306652,2023-09-23,16:30,37
562,Stephanie,Allys,Stephanie.Allys@example.com,658021192,2023-09-14,09:00,16
563,Melanie,Center,Melanie.Center@example.com,943357909,2023-09-12,12:00,12
564,Lonnie,Paton,Lonnie.Paton@example.com,570153865,2023-09-29,17:30,5
565,Bettine,Obed,Bettine.Obed@example.com,729177690,2023-09-17,17:00,5
566,Meg,Ralfston,Meg.Ralfston@example.com,677402121,2023-09-13,15:00,44
567,Kassey,Neva,Kassey.Neva@example.com,440815346,2023-09-06,13:30,31
568,Sabina,Masao,Sabina.Masao@example.com,923294151,2023-09-23,11:00,18
569,Linzy,Argus,Linzy.Argus@example.com,482847140,2023-09-19,13:00,28
570,Ebonee,Sinegold,Ebonee.Sinegold@example.com,339776163,2023-09-26,17:30,28
571,Xylina,Justinn,Xylina.Justinn@example.com,155513095,2023-09-23,12:30,5
572,Fayre,Swanhildas,Fayre.Swanhildas@example.com,179580568,2023-09-08,17:30,36
573,Corly,Merriott,Corly.Merriott@example.com,684475150,2023-09-05,15:00,12
574,Oona,Bevin,Oona.Bevin@example.com,139746993,2023-09-03,16:00,27
575,Tobe,Tippets,Tobe.Tippets@example.com,160851816,2023-09-21,16:00,15
576,Ketti,Pond,Ketti.Pond@example.com,149717881,2023-09-13,13:30,33
577,Mady,Heidt,Mady.Heidt@example.com,925671498,2023-09-25,16:00,30
578,Vinita,Ackerley,Vinita.Ackerley@example.com,160785069,2023-09-24,08:00,33
579,Blake,LaRue,Blake.LaRue@example.com,758427711,2023-09-03,11:30,11
580,Anthia,Alice,Anthia.Alice@example.com,596628766,2023-09-23,16:00,49
581,Hallie,Cherianne,Hallie.Cherianne@example.com,338053884,2023-09-13,08:00,13
582,Jacenta,Ambrosia,Jacenta.Ambrosia@example.com,199764591,2023-09-16,17:30,24
583,Ann-Marie,Modie,Ann-Marie.Modie@example.com,583217348,2023-09-05,10:30,5
584,Amii,Garrison,Amii.Garrison@example.com,394165909,2023-09-26,15:30,32
585,Micheline,Bandeen,Micheline.Bandeen@example.com,655768538,2023-09-03,14:30,11
586,Siana,Nore,Siana.Nore@example.com,250631192,2023-09-19,10:30,35
587,Joy,Zachary,Joy.Zachary@example.com,266995654,2023-09-20,17:00,29
588,Rebeca,Azeria,Rebeca.Azeria@example.com,650214127,2023-09-11,12:30,2
589,Hollie,Adamsen,Hollie.Adamsen@example.com,505457736,2023-09-13,09:30,18
590,Winifred,Erminia,Winifred.Erminia@example.com,288265700,2023-09-28,12:30,43
591,Sheree,Aloise,Sheree.Aloise@example.com,979659857,2023-09-15,13:00,27
592,Jorry,Lareena,Jorry.Lareena@example.com,571170628,2023-09-04,08:30,48
593,Gaylene,Stefa,Gaylene.Stefa@example.com,817576253,2023-09-29,12:00,31
594,Addia,Haerr,Addia.Haerr@example.com,604067961,2023-09-22,09:00,3
595,Tarra,Burkle,Tarra.Burkle@example.com,626761963,2023-09-11,09:30,33
596,Celisse,Dorcy,Celisse.Dorcy@example.com,330436978,2023-09-22,10:30,38
597,Nickie,Ovid,Nickie.Ovid@example.com,745959268,2023-09-17,11:30,31
598,Tori,Raul,Tori.Raul@example.com,202409764,2023-09-11,08:30,27
599,Layla,Fiann,Layla.Fiann@example.com,242852727,2023-09-17,11:30,13
600,Imojean,Claudine,Imojean.Claudine@example.com,689404056,2023-09-20,12:00,50
601,Gaylene,Gibbeon,Gaylene.Gibbeon@example.com,564259131,2023-09-21,15:30,10
602,Kaia,Ventre,Kaia.Ventre@example.com,573489278,2023-09-03,11:30,39
603,Loree,Phi,Loree.Phi@example.com,858517653,2023-09-02,14:00,19
604,Trixi,Donoghue,Trixi.Donoghue@example.com,593988683,2023-09-24,16:30,19
605,Mary,Lewes,Mary.Lewes@example.com,769418711,2023-09-26,12:30,4
606,Briney,Maribeth,Briney.Maribeth@example.com,785999683,2023-09-02,17:30,3
607,Kore,Lauraine,Kore.Lauraine@example.com,439606336,2023-09-21,13:00,2
608,Marnia,Bow,Marnia.Bow@example.com,323499201,2023-09-29,09:30,17
609,Nollie,Penelopa,Nollie.Penelopa@example.com,702915184,2023-09-29,14:30,19
610,Wilma,Maxi,Wilma.Maxi@example.com,906098813,2023-09-14,16:00,1
611,Ariela,Edmund,Ariela.Edmund@example.com,279486817,2023-09-18,16:30,36
612,Roslyn,Janith,Roslyn.Janith@example.com,873893093,2023-09-19,12:00,18
613,Dania,Khorma,Dania.Khorma@example.com,212101063,2023-09-12,08:00,7
614,Darci,Posner,Darci.Posner@example.com,835013909,2023-09-25,17:00,15
615,Christian,Solitta,Christian.Solitta@example.com,706863980,2023-09-02,10:30,38
616,Leona,Zitvaa,Leona.Zitvaa@example.com,280592095,2023-09-14,16:30,38
617,Dorice,Meter,Dorice.Meter@example.com,510106712,2023-09-10,17:00,25
618,Hyacinthe,Ariella,Hyacinthe.Ariella@example.com,401325815,2023-09-24,10:00,30
619,Doralynne,Georgy,Doralynne.Georgy@example.com,858658825,2023-09-17,15:00,50
620,Gertrud,Sammons,Gertrud.Sammons@example.com,549143070,2023-09-28,15:30,49
621,Briney,Poll,Briney.Poll@example.com,351716502,2023-09-02,14:00,2
622,Justinn,Pierette,Justinn.Pierette@example.com,891451950,2023-09-13,12:30,25
623,Frank,Old,Frank.Old@example.com,161288205,2023-09-20,13:30,7
624,Neila,Baudin,Neila.Baudin@example.com,645346543,2023-09-07,17:00,42
625,Zia,Bigner,Zia.Bigner@example.com,614574446,2023-09-29,14:30,27
626,Randa,Anselmi,Randa.Anselmi@example.com,567038384,2023-09-11,09:00,7
627,Nollie,Rebecka,Nollie.Rebecka@example.com,786956404,2023-09-16,12:30,9
628,Lanae,Elvyn,Lanae.Elvyn@example.com,383878087,2023-09-14,11:00,46
629,Chickie,Delp,Chickie.Delp@example.com,331587965,2023-09-25,17:00,27
630,Valeda,Jalbert,Valeda.Jalbert@example.com,245597028,2023-09-18,10:00,37
631,Elena,Cath,Elena.Cath@example.com,347017957,2023-09-29,13:30,26
632,Marika,Willie,Marika.Willie@example.com,414104383,2023-09-16,14:00,20
633,June,Pearse,June.Pearse@example.com,747185977,2023-09-20,10:00,28
634,Brooks,Goddard,Brooks.Goddard@example.com,332093715,2023-09-09,16:00,17
635,Brandise,Gordon,Brandise.Gordon@example.com,765939685,2023-09-16,17:30,33
636,Doro,Ehrman,Doro.Ehrman@example.com,591509171,2023-09-20,11:00,25
637,Misha,Melleta,Misha.Melleta@example.com,623800075,2023-09-19,17:30,31
638,Mildrid,Dorothy,Mildrid.Dorothy@example.com,349184265,2023-09-14,12:30,26
639,Tressa,Fosque,Tressa.Fosque@example.com,570198658,2023-09-19,14:30,25
640,Desirae,Dyche,Desirae.Dyche@example.com,220557156,2023-09-24,08:30,29
641,Jenda,August,Jenda.August@example.com,178746061,2023-09-09,11:30,28
642,Raf,Carri,Raf.Carri@example.com,915050584,2023-09-29,15:30,35
643,Noelle,Guildroy,Noelle.Guildroy@example.com,918651849,2023-09-20,09:30,17
644,Jolyn,Huggins,Jolyn.Huggins@example.com,865139412,2023-09-19,10:30,8
645,Lorne,Buckler,Lorne.Buckler@example.com,239790151,2023-09-26,16:00,16
646,Fayre,Lasley,Fayre.Lasley@example.com,698331682,2023-09-05,17:30,28
647,Estell,Bultman,Estell.Bultman@example.com,100518359,2023-09-04,17:30,25
648,Althea,Prober,Althea.Prober@example.com,133672103,2023-09-07,13:30,5
649,Wendi,Hilbert,Wendi.Hilbert@example.com,700791133,2023-09-11,08:30,4
650,Linet,Corabella,Linet.Corabella@example.com,949873630,2023-09-04,13:00,8
651,Mara,Mintz,Mara.Mintz@example.com,331815419,2023-09-29,11:00,6
652,Rhea,Armanda,Rhea.Armanda@example.com,314661895,2023-09-17,14:00,31
653,Amalie,Shanley,Amalie.Shanley@example.com,373193563,2023-09-20,08:00,13
654,Roslyn,McCutcheon,Roslyn.McCutcheon@example.com,973358637,2023-09-05,12:30,38
655,Johna,Noam,Johna.Noam@example.com,217624469,2023-09-20,15:30,4
656,Lindie,Cosenza,Lindie.Cosenza@example.com,328129162,2023-09-02,11:30,3
657,Margette,Rad,Margette.Rad@example.com,258448737,2023-09-19,10:00,34
658,Deedee,Kamaria,Deedee.Kamaria@example.com,242541716,2023-09-22,08:00,10
659,Rhoda,Tillford,Rhoda.Tillford@example.com,846417562,2023-09-04,09:30,42
660,Penelopa,Guildroy,Penelopa.Guildroy@example.com,974423132,2023-09-29,15:30,13
661,Kellen,Boehike,Kellen.Boehike@example.com,724039759,2023-09-16,11:30,2
662,Lily,Edee,Lily.Edee@example.com,189668690,2023-09-07,12:00,43
663,Bernardine,Alice,Bernardine.Alice@example.com,727848123,2023-09-23,08:30,11
664,Phedra,Ehrman,Phedra.Ehrman@example.com,853487588,2023-09-08,11:00,20
665,Cristabel,Heidt,Cristabel.Heidt@example.com,571604639,2023-09-22,17:30,50
666,Mildrid,Pandolfi,Mildrid.Pandolfi@example.com,746343570,2023-09-07,16:00,18
667,Glynnis,Alcott,Glynnis.Alcott@example.com,382534374,2023-09-21,09:00,14
668,Kathy,Esmaria,Kathy.Esmaria@example.com,402942160,2023-09-10,09:30,19
669,Mamie,Vharat,Mamie.Vharat@example.com,468204667,2023-09-27,17:30,8
670,Paola,Leary,Paola.Leary@example.com,581810977,2023-09-21,10:30,32
671,Briney,Fry,Briney.Fry@example.com,866643000,2023-09-28,16:00,39
672,Brynna,Kimmie,Brynna.Kimmie@example.com,147928250,2023-09-13,16:00,34
673,Jessy,Tillford,Jessy.Tillford@example.com,228359976,2023-09-01,15:30,6
674,Elka,Guthrie,Elka.Guthrie@example.com,903316647,2023-09-02,08:00,26
675,Margalo,Stanwood,Margalo.Stanwood@example.com,410489960,2023-09-04,10:30,13
676,Coral,Curren,Coral.Curren@example.com,138289931,2023-09-01,09:30,38
677,Marinna,Raimondo,Marinna.Raimondo@example.com,904235862,2023-09-06,13:00,19
678,Therine,Marden,Therine.Marden@example.com,482743619,2023-09-23,15:30,31
679,Tina,Warthman,Tina.Warthman@example.com,891899562,2023-09-25,08:00,41
680,Carree,Llovera,Carree.Llovera@example.com,163798880,2023-09-24,10:30,25
681,Lacie,Chick,Lacie.Chick@example.com,961546166,2023-09-17,12:30,28
682,Cyndie,Kermit,Cyndie.Kermit@example.com,808167709,2023-09-20,13:00,43
683,Christal,Helve,Christal.Helve@example.com,368867538,2023-09-21,12:30,8
684,Sonni,Mata,Sonni.Mata@example.com,176256965,2023-09-07,13:30,18
685,Nannie,Klemperer,Nannie.Klemperer@example.com,749685580,2023-09-10,16:00,42
686,Misha,Grayce,Misha.Grayce@example.com,350552935,2023-09-06,14:30,49
687,Doro,Klemperer,Doro.Klemperer@example.com,461274909,2023-09-24,09:30,21
688,Aeriela,Roscoe,Aeriela.Roscoe@example.com,138106868,2023-09-11,15:30,14
689,Fidelia,Philoo,Fidelia.Philoo@example.com,716071900,2023-09-17,13:30,9
690,Benita,Oster,Benita.Oster@example.com,702390136,2023-09-27,15:30,22
691,Kore,Rad,Kore.Rad@example.com,848330041,2023-09-20,16:30,12
692,Jolyn,Dahlia,Jolyn.Dahlia@example.com,141342683,2023-09-01,10:00,18
693,Cristabel,Judye,Cristabel.Judye@example.com,889020343,2023-09-27,11:30,41
694,Laure,Byrne,Laure.Byrne@example.com,593763376,2023-09-08,17:30,36
695,Coral,Daegal,Coral.Daegal@example.com,814487563,2023-09-14,14:00,24
696,Norine,Valoniah,Norine.Valoniah@example.com,490025951,2023-09-04,11:00,7
697,Aubrie,Brodench,Aubrie.Brodench@example.com,692050713,2023-09-07,08:30,40
698,Kial,Macey,Kial.Macey@example.com,390223844,2023-09-26,09:00,20
699,Camile,Pozzy,Camile.Pozzy@example.com,727154559,2023-09-10,15:00,35
700,Noelle,Masao,Noelle.Masao@example.com,542307331,2023-09-29,16:00,12
701,Regina,Tryck,Regina.Tryck@example.com,942729668,2023-09-01,11:00,36
702,Ulrike,Ciapas,Ulrike.Ciapas@example.com,809641809,2023-09-09,14:00,20
703,Dominga,Philoo,Dominga.Philoo@example.com,791775842,2023-09-07,13:00,42
704,Di,Waldron,Di.Waldron@example.com,920995357,2023-09-28,14:00,45
705,Vita,McCutcheon,Vita.McCutcheon@example.com,594182508,2023-09-07,10:00,46
706,Ardenia,Raama,Ardenia.Raama@example.com,685799969,2023-09-06,16:00,31
707,Zondra,Lymann,Zondra.Lymann@example.com,407029487,2023-09-22,14:00,48
708,Ermengarde,Jacobah,Ermengarde.Jacobah@example.com,869490143,2023-09-17,15:30,27
709,Leeanne,Torray,Leeanne.Torray@example.com,212795940,2023-09-20,08:00,49
710,Monika,Stuart,Monika.Stuart@example.com,899022847,2023-09-28,11:30,13
711,Charissa,Levey,Charissa.Levey@example.com,928172726,2023-09-24,16:30,36
712,Vevay,Standing,Vevay.Standing@example.com,858909367,2023-09-05,10:30,29
713,Kristan,Ummersen,Kristan.Ummersen@example.com,129775896,2023-09-04,14:30,7
714,Doralynne,Thad,Doralynne.Thad@example.com,582518796,2023-09-27,10:00,14
715,Alleen,Medrek,Alleen.Medrek@example.com,252147507,2023-09-06,12:30,21
716,Ardenia,Catie,Ardenia.Catie@example.com,485452462,2023-09-15,15:00,16
717,Cristine,Stanwood,Cristine.Stanwood@example.com,247664917,2023-09-09,11:30,36
718,Darci,Anastatius,Darci.Anastatius@example.com,770525213,2023-09-10,11:00,28
719,Adore,Wallis,Adore.Wallis@example.com,272941888,2023-09-23,16:00,42
720,Rosene,Bennie,Rosene.Bennie@example.com,727997236,2023-09-10,17:30,5
721,Jacquetta,Nelsen,Jacquetta.Nelsen@example.com,934874915,2023-09-29,13:00,44
722,Chrystel,Demitria,Chrystel.Demitria@example.com,171781074,2023-09-11,11:00,35
723,Sheree,Yam,Sheree.Yam@example.com,311915234,2023-09-02,16:30,49
724,Annice,Sophronia,Annice.Sophronia@example.com,434677841,2023-09-13,13:30,11
725,Flory,Katrine,Flory.Katrine@example.com,989271792,2023-09-10,15:30,34
726,Dacia,Randene,Dacia.Randene@example.com,688311363,2023-09-08,17:30,13
727,Nessie,Bronk,Nessie.Bronk@example.com,605350540,2023-09-28,11:00,14
728,Ricky,Corabella,Ricky.Corabella@example.com,196925375,2023-09-05,11:30,14
729,Bernie,Florina,Bernie.Florina@example.com,816966541,2023-09-15,11:30,3
730,Marsiella,Ricarda,Marsiella.Ricarda@example.com,284386888,2023-09-13,17:00,16
731,Renie,Edison,Renie.Edison@example.com,127090586,2023-09-19,08:00,21
732,Claudina,Anis,Claudina.Anis@example.com,585481195,2023-09-23,17:30,27
733,Morganica,Florina,Morganica.Florina@example.com,530083586,2023-09-19,11:00,19
734,Olivette,Roscoe,Olivette.Roscoe@example.com,604350728,2023-09-27,16:30,44
735,Jenda,Infield,Jenda.Infield@example.com,569635117,2023-09-07,10:00,43
736,Addia,Willie,Addia.Willie@example.com,905915415,2023-09-02,08:00,23
737,Lulita,Schwejda,Lulita.Schwejda@example.com,135250393,2023-09-18,13:00,9
738,Gianina,Thilda,Gianina.Thilda@example.com,571477738,2023-09-03,11:30,32
739,Teriann,Ioab,Teriann.Ioab@example.com,565447068,2023-09-01,10:00,27
740,Rhea,Giule,Rhea.Giule@example.com,976605822,2023-09-11,13:30,31
741,Rosabelle,Fennessy,Rosabelle.Fennessy@example.com,480404391,2023-09-29,13:00,13
742,Carlie,Francene,Carlie.Francene@example.com,878333457,2023-09-18,10:00,49
743,Vivia,Weaks,Vivia.Weaks@example.com,590935071,2023-09-08,15:30,45
744,Amelia,Freddi,Amelia.Freddi@example.com,638940095,2023-09-06,10:30,50
745,Steffane,Modie,Steffane.Modie@example.com,345133520,2023-09-05,14:30,48
746,Steffane,Lesley,Steffane.Lesley@example.com,352649195,2023-09-10,14:30,26
747,Edith,Harned,Edith.Harned@example.com,111949796,2023-09-13,08:00,39
748,Gwenneth,Christal,Gwenneth.Christal@example.com,766216728,2023-09-24,17:30,38
749,Penelopa,Anis,Penelopa.Anis@example.com,862209998,2023-09-04,17:00,33
750,Gabi,Jerold,Gabi.Jerold@example.com,620670795,2023-09-16,12:30,39
751,Meg,Shaddock,Meg.Shaddock@example.com,130172217,2023-09-27,10:00,45
752,Kittie,Fennessy,Kittie.Fennessy@example.com,174726110,2023-09-02,12:00,4
753,Mamie,Boycey,Mamie.Boycey@example.com,505341948,2023-09-27,13:30,5
754,Evaleen,Aldric,Evaleen.Aldric@example.com,732477967,2023-09-23,11:00,6
755,Morganica,Niccolo,Morganica.Niccolo@example.com,679107239,2023-09-26,16:00,8
756,Ida,Reidar,Ida.Reidar@example.com,812846665,2023-09-20,11:00,20
757,Violet,Astra,Violet.Astra@example.com,417561389,2023-09-03,14:30,10
758,Camile,Nore,Camile.Nore@example.com,224738244,2023-09-26,12:00,35
759,Lucille,Shields,Lucille.Shields@example.com,883413349,2023-09-16,12:00,44
760,Gale,Obed,Gale.Obed@example.com,259477066,2023-09-28,17:00,6
761,Penelopa,Codding,Penelopa.Codding@example.com,449734148,2023-09-05,12:30,25
762,Raquela,Jary,Raquela.Jary@example.com,649771440,2023-09-15,11:30,11
763,Cyb,Tayib,Cyb.Tayib@example.com,104349668,2023-09-13,12:00,5
764,Dominga,Blake,Dominga.Blake@example.com,686826451,2023-09-16,11:30,13
765,Danny,Lacombe,Danny.Lacombe@example.com,646901793,2023-09-13,08:30,46
766,Eadie,Uird,Eadie.Uird@example.com,714454287,2023-09-02,16:00,8
767,Emma,Campball,Emma.Campball@example.com,190472456,2023-09-28,15:30,10
768,Juliane,Germann,Juliane.Germann@example.com,254077024,2023-09-06,11:30,17
769,Madelle,Adamsen,Madelle.Adamsen@example.com,572248830,2023-09-26,11:00,17
770,Charlena,Dermott,Charlena.Dermott@example.com,756152620,2023-09-29,11:30,32
771,Olivette,Seumas,Olivette.Seumas@example.com,250687278,2023-09-27,16:30,37
772,Lynea,Fredi,Lynea.Fredi@example.com,717148436,2023-09-26,10:00,1
773,Stacey,Bates,Stacey.Bates@example.com,422938250,2023-09-10,15:00,6
774,Inga,Kiersten,Inga.Kiersten@example.com,361517067,2023-09-25,17:30,41
775,Eolanda,Pettiford,Eolanda.Pettiford@example.com,729415253,2023-09-09,17:30,48
776,Gertrud,Morehouse,Gertrud.Morehouse@example.com,916820102,2023-09-18,11:30,21
777,Gabriellia,Lea,Gabriellia.Lea@example.com,987428494,2023-09-21,10:00,38
778,Ellette,Camden,Ellette.Camden@example.com,348467955,2023-09-10,16:00,10
779,Vanessa,Philipp,Vanessa.Philipp@example.com,699237775,2023-09-16,14:00,25
780,Mariann,Campball,Mariann.Campball@example.com,939383833,2023-09-21,13:30,19
781,Mariele,Oster,Mariele.Oster@example.com,550185997,2023-09-23,09:30,19
782,Kassey,Zeeba,Kassey.Zeeba@example.com,889373962,2023-09-01,16:00,38
783,Emma,Maurine,Emma.Maurine@example.com,188122323,2023-09-18,09:00,24
784,Lulita,Stilwell,Lulita.Stilwell@example.com,254461801,2023-09-30,13:00,22
785,Alleen,Tound,Alleen.Tound@example.com,281680480,2023-09-14,10:30,19
786,Agathe,Kendrick,Agathe.Kendrick@example.com,505833988,2023-09-28,17:30,13
787,Kaia,Vale,Kaia.Vale@example.com,683105567,2023-09-25,11:30,45
788,Dorothy,Donell,Dorothy.Donell@example.com,192278336,2023-09-24,12:00,46
789,Nadine,Florina,Nadine.Florina@example.com,984814843,2023-09-11,13:30,22
790,Cindelyn,Vins,Cindelyn.Vins@example.com,703596530,2023-09-12,14:30,19
791,Sabina,Flita,Sabina.Flita@example.com,775455898,2023-09-22,17:30,40
792,Anica,Frendel,Anica.Frendel@example.com,216435173,2023-09-26,12:30,14
793,Claresta,Primalia,Claresta.Primalia@example.com,953440013,2023-09-19,11:00,37
794,Aaren,Vastah,Aaren.Vastah@example.com,636927433,2023-09-25,15:30,29
795,Inga,O'Neill,Inga.O'Neill@example.com,575734751,2023-09-24,15:00,8
796,Elora,Presber,Elora.Presber@example.com,803794280,2023-09-15,14:30,36
797,Fawne,Fancie,Fawne.Fancie@example.com,661472879,2023-09-02,17:30,10
798,Vere,Klemperer,Vere.Klemperer@example.com,147183757,2023-09-10,10:00,11
799,Romona,Jacobah,Romona.Jacobah@example.com,969661355,2023-09-18,14:00,25
800,Xylina,Heisel,Xylina.Heisel@example.com,331213694,2023-09-27,16:30,18
801,Randa,Konyn,Randa.Konyn@example.com,120490501,2023-09-28,10:00,34
802,Tami,Afton,Tami.Afton@example.com,165442464,2023-09-22,13:00,14
803,Taffy,Hermes,Taffy.Hermes@example.com,528787908,2023-09-11,11:30,38
804,Leontine,Latini,Leontine.Latini@example.com,170120883,2023-09-23,14:00,25
805,Grier,Shelba,Grier.Shelba@example.com,627360290,2023-09-02,10:30,28
806,Anallese,Friede,Anallese.Friede@example.com,577154884,2023-09-04,12:00,21
807,Lily,Bettine,Lily.Bettine@example.com,852092624,2023-09-08,08:30,46
808,Brooks,Delp,Brooks.Delp@example.com,535769099,2023-09-22,08:30,37
809,Wendi,Kenwood,Wendi.Kenwood@example.com,649711860,2023-09-08,15:00,4
810,Sybille,Juliet,Sybille.Juliet@example.com,436516143,2023-09-29,10:30,21
811,Ida,Tryck,Ida.Tryck@example.com,632768897,2023-09-11,09:30,43
812,Rochette,Georas,Rochette.Georas@example.com,577438143,2023-09-21,15:00,2
813,Binny,Bendick,Binny.Bendick@example.com,227216977,2023-09-01,11:00,19
814,Violet,Harriman,Violet.Harriman@example.com,180972943,2023-09-08,13:00,11
815,Cindelyn,Roumell,Cindelyn.Roumell@example.com,846612410,2023-09-26,12:30,32
816,Frank,Jefferey,Frank.Jefferey@example.com,718876670,2023-09-14,11:00,49
817,Nananne,Ardra,Nananne.Ardra@example.com,115218285,2023-09-02,15:30,17
818,Rosabelle,Pozzy,Rosabelle.Pozzy@example.com,898500333,2023-09-17,13:00,31
819,Sara-Ann,Munn,Sara-Ann.Munn@example.com,146226313,2023-09-14,17:30,50
820,Leeanne,Stacy,Leeanne.Stacy@example.com,964873762,2023-09-03,12:30,18
821,Fanchon,Karna,Fanchon.Karna@example.com,323598289,2023-09-13,08:00,26
822,Corina,Niles,Corina.Niles@example.com,494868040,2023-09-17,17:30,19
823,Barbara,Beebe,Barbara.Beebe@example.com,856688054,2023-09-27,17:00,19
824,Jacenta,Gilmour,Jacenta.Gilmour@example.com,272713136,2023-09-13,08:00,46
825,Ingrid,Sasnett,Ingrid.Sasnett@example.com,275685289,2023-09-25,09:30,35
826,Kalina,Zola,Kalina.Zola@example.com,969656014,2023-09-02,14:00,33
827,Bee,Sadowski,Bee.Sadowski@example.com,511956580,2023-09-24,09:30,12
828,Netty,Uird,Netty.Uird@example.com,420094766,2023-09-16,16:00,31
829,Millie,Ehrman,Millie.Ehrman@example.com,386216232,2023-09-25,14:30,41
830,Kenna,Tice,Kenna.Tice@example.com,620685857,2023-09-24,16:00,22
831,Susette,Magnolia,Susette.Magnolia@example.com,245867361,2023-09-15,09:00,21
832,Doro,Tybald,Doro.Tybald@example.com,866464989,2023-09-03,09:00,9
833,Ida,Tryck,Ida.Tryck@example.com,632332018,2023-09-06,15:30,37
834,Myriam,Sparhawk,Myriam.Sparhawk@example.com,603357498,2023-09-10,09:30,34
835,Harmonia,Kauppi,Harmonia.Kauppi@example.com,499936395,2023-09-12,13:00,7
836,Elmira,Michella,Elmira.Michella@example.com,163497209,2023-09-26,09:30,41
837,Ericka,Vharat,Ericka.Vharat@example.com,214355285,2023-09-22,11:00,49
838,Maryellen,Jagir,Maryellen.Jagir@example.com,400170576,2023-09-12,16:00,39
839,Collen,Old,Collen.Old@example.com,453629075,2023-09-01,11:30,35
840,Jinny,Sikorski,Jinny.Sikorski@example.com,408648651,2023-09-22,14:00,49
841,Petronia,Neils,Petronia.Neils@example.com,195808021,2023-09-15,17:30,40
842,Rosanne,Halsey,Rosanne.Halsey@example.com,194956492,2023-09-16,17:00,41
843,Molli,Harned,Molli.Harned@example.com,168193427,2023-09-28,13:30,28
844,Binny,Sallyann,Binny.Sallyann@example.com,357434086,2023-09-14,15:00,37
845,Vinita,Kermit,Vinita.Kermit@example.com,259798967,2023-09-13,13:00,44
846,Sybille,Danby,Sybille.Danby@example.com,753591616,2023-09-13,11:00,50
847,Tonia,Florina,Tonia.Florina@example.com,168355636,2023-09-29,16:00,37
848,Sharai,Salvidor,Sharai.Salvidor@example.com,912484968,2023-09-10,09:30,44
849,Silvana,Burnside,Silvana.Burnside@example.com,655875625,2023-09-27,14:30,29
850,Brana,Ariella,Brana.Ariella@example.com,998346131,2023-09-02,12:00,27
851,Adore,Bluh,Adore.Bluh@example.com,325168051,2023-09-24,08:30,14
852,Candi,Gemini,Candi.Gemini@example.com,641293050,2023-09-16,13:00,14
853,Leia,Seessel,Leia.Seessel@example.com,260470174,2023-09-04,15:30,46
854,Leontine,Payson,Leontine.Payson@example.com,366916856,2023-09-24,08:30,48
855,Pamella,Lynn,Pamella.Lynn@example.com,393518107,2023-09-19,15:30,18
856,Marjie,Bethany,Marjie.Bethany@example.com,905977557,2023-09-24,12:30,1
857,Kimmy,Federica,Kimmy.Federica@example.com,965971266,2023-09-22,17:30,50
858,Jeanna,Diogenes,Jeanna.Diogenes@example.com,905631264,2023-09-26,13:30,1
859,Merle,Arquit,Merle.Arquit@example.com,513810756,2023-09-16,14:00,3
860,Jorry,Barrus,Jorry.Barrus@example.com,671617065,2023-09-21,10:00,37
861,Lila,Belldas,Lila.Belldas@example.com,731848754,2023-09-23,16:00,10
862,Cyb,Lorenz,Cyb.Lorenz@example.com,989922331,2023-09-13,13:30,38
863,Xylina,Amasa,Xylina.Amasa@example.com,351125648,2023-09-04,14:00,22
864,Sabina,Bigner,Sabina.Bigner@example.com,942695160,2023-09-12,13:30,4
865,Sarette,Schlosser,Sarette.Schlosser@example.com,746258276,2023-09-29,15:00,20
866,Molli,Alabaster,Molli.Alabaster@example.com,151378002,2023-09-23,14:00,7
867,Reeba,Odell,Reeba.Odell@example.com,568853557,2023-09-01,11:00,47
868,Wilma,Harday,Wilma.Harday@example.com,963062486,2023-09-17,12:00,25
869,Carilyn,Sasnett,Carilyn.Sasnett@example.com,564020816,2023-09-02,11:30,34
870,Brana,Willie,Brana.Willie@example.com,545061908,2023-09-17,11:00,12
871,Raf,Cohdwell,Raf.Cohdwell@example.com,297341036,2023-09-14,16:00,5
872,Marsiella,Alabaster,Marsiella.Alabaster@example.com,252775568,2023-09-10,15:30,3
873,Ardenia,Tristram,Ardenia.Tristram@example.com,420031271,2023-09-21,15:30,28
874,Nessie,Graig,Nessie.Graig@example.com,838282907,2023-09-22,17:00,12
875,Karlee,Billye,Karlee.Billye@example.com,274375630,2023-09-27,14:00,22
876,Carmela,Noam,Carmela.Noam@example.com,129033899,2023-09-22,13:00,13
877,Rosanne,Brandice,Rosanne.Brandice@example.com,924186947,2023-09-18,12:30,5
878,Merry,Brady,Merry.Brady@example.com,247683984,2023-09-29,11:30,22
879,Annaliese,Raseda,Annaliese.Raseda@example.com,826312516,2023-09-16,12:30,47
880,Grier,Bebe,Grier.Bebe@example.com,576912423,2023-09-27,17:00,44
881,Janey,Janene,Janey.Janene@example.com,161893701,2023-09-12,09:00,39
882,Dulce,Honoria,Dulce.Honoria@example.com,291227779,2023-09-05,09:00,5
883,Rori,Rhu,Rori.Rhu@example.com,121024128,2023-09-09,15:30,50
884,Imojean,August,Imojean.August@example.com,307309474,2023-09-08,16:30,30
885,Emylee,Candy,Emylee.Candy@example.com,621045911,2023-09-28,12:30,16
886,Asia,Zina,Asia.Zina@example.com,234552242,2023-09-25,13:30,15
887,Karlee,Naashom,Karlee.Naashom@example.com,801726808,2023-09-28,17:30,26
888,Kristan,Pillsbury,Kristan.Pillsbury@example.com,161783208,2023-09-06,12:30,38
889,Angelique,Marsden,Angelique.Marsden@example.com,566167077,2023-09-19,15:00,42
890,Dorthy,Wadell,Dorthy.Wadell@example.com,570306921,2023-09-09,14:30,45
891,Marcy,Goerke,Marcy.Goerke@example.com,277940510,2023-09-06,15:30,39
892,Dotty,Raychel,Dotty.Raychel@example.com,796036276,2023-09-03,08:30,35
893,Dale,Jethro,Dale.Jethro@example.com,684113227,2023-09-19,08:30,8
894,Andeee,Letsou,Andeee.Letsou@example.com,912224001,2023-09-19,14:30,36
895,Isa,Sawtelle,Isa.Sawtelle@example.com,144001172,2023-09-26,17:30,37
896,Livvyy,Ingra,Livvyy.Ingra@example.com,251500259,2023-09-24,11:30,50
897,Joleen,Hunfredo,Joleen.Hunfredo@example.com,521584848,2023-09-14,10:30,21
898,Deane,Zamora,Deane.Zamora@example.com,103009840,2023-09-19,11:30,23
899,Paulita,Bakerman,Paulita.Bakerman@example.com,145516641,2023-09-02,15:00,26
900,Chloris,Codding,Chloris.Codding@example.com,435338929,2023-09-03,15:30,24
901,Tressa,Warthman,Tressa.Warthman@example.com,653804772,2023-09-05,13:30,33
902,Harmonia,Chaing,Harmonia.Chaing@example.com,249758396,2023-09-20,13:00,10
903,Alie,Colyer,Alie.Colyer@example.com,663983539,2023-09-22,15:00,40
904,Shandie,Greyson,Shandie.Greyson@example.com,175921607,2023-09-10,14:00,36
905,Cindelyn,Hunfredo,Cindelyn.Hunfredo@example.com,231501465,2023-09-27,08:00,3
906,Randa,Durware,Randa.Durware@example.com,961377420,2023-09-16,11:00,8
907,Mariann,Elisha,Mariann.Elisha@example.com,154593991,2023-09-19,11:00,1
908,Eadie,Leary,Eadie.Leary@example.com,792568363,2023-09-24,09:00,22
909,Iseabal,Rurik,Iseabal.Rurik@example.com,521310213,2023-09-17,16:30,12
910,Ebonee,Germann,Ebonee.Germann@example.com,572909451,2023-09-20,10:00,6
911,Christal,Podvin,Christal.Podvin@example.com,721852930,2023-09-03,10:00,28
912,Marsiella,Atonsah,Marsiella.Atonsah@example.com,750598981,2023-09-23,16:00,21
913,Cindelyn,Swigart,Cindelyn.Swigart@example.com,824201488,2023-09-06,16:00,24
914,Wileen,Ezar,Wileen.Ezar@example.com,323867629,2023-09-03,08:00,16
915,Bee,Peti,Bee.Peti@example.com,302878169,2023-09-04,11:00,2
916,Tami,Kermit,Tami.Kermit@example.com,981352592,2023-09-02,08:30,20
917,Angela,Elbertina,Angela.Elbertina@example.com,117307147,2023-09-19,14:00,17
918,Shandie,Morrill,Shandie.Morrill@example.com,312591381,2023-09-10,12:00,26
919,Kristina,Marisa,Kristina.Marisa@example.com,977899023,2023-09-25,12:00,48
920,Miquela,Shama,Miquela.Shama@example.com,963031393,2023-09-27,14:30,42
921,Fanchon,Ammann,Fanchon.Ammann@example.com,613974628,2023-09-16,13:00,1
922,Corly,Jefferey,Corly.Jefferey@example.com,481908705,2023-09-02,08:00,27
923,Sissy,Viddah,Sissy.Viddah@example.com,808474598,2023-09-17,12:00,7
924,Maisey,Clie,Maisey.Clie@example.com,883671236,2023-09-11,10:00,11
925,Renie,Belanger,Renie.Belanger@example.com,614455557,2023-09-20,09:00,5
926,Carolina,Dahlia,Carolina.Dahlia@example.com,745290530,2023-09-12,09:30,15
927,Merci,Dituri,Merci.Dituri@example.com,620220564,2023-09-26,08:00,36
928,Pierette,Boycey,Pierette.Boycey@example.com,148800418,2023-09-01,16:30,15
929,Briney,Audly,Briney.Audly@example.com,850832261,2023-09-27,15:30,8
930,Ayn,Grayce,Ayn.Grayce@example.com,271821481,2023-09-24,08:30,4
931,Maye,Bronk,Maye.Bronk@example.com,194307063,2023-09-13,15:00,29
932,Angelique,Arquit,Angelique.Arquit@example.com,453190321,2023-09-28,15:00,10
933,Phylis,Selway,Phylis.Selway@example.com,896967122,2023-09-03,12:00,14
934,Dorene,Felecia,Dorene.Felecia@example.com,780555902,2023-09-29,13:00,30
935,Mara,Grosz,Mara.Grosz@example.com,412383211,2023-09-02,14:00,35
936,Belva,Bartlett,Belva.Bartlett@example.com,351489526,2023-09-03,13:30,5
937,Roxane,Bord,Roxane.Bord@example.com,607738875,2023-09-29,08:30,36
938,Glenda,Ingra,Glenda.Ingra@example.com,708257060,2023-09-10,08:30,19
939,Susan,Jehu,Susan.Jehu@example.com,106000811,2023-09-11,09:00,46
940,Rhoda,Chobot,Rhoda.Chobot@example.com,901199663,2023-09-23,08:00,27
941,Madalyn,Trinetta,Madalyn.Trinetta@example.com,285789589,2023-09-21,10:00,20
942,Annora,Arley,Annora.Arley@example.com,194446161,2023-09-11,13:30,28
943,Cathyleen,Cimbura,Cathyleen.Cimbura@example.com,619864455,2023-09-08,13:00,38
944,Ilse,Persse,Ilse.Persse@example.com,920689346,2023-09-08,17:30,25
945,Theodora,Ricarda,Theodora.Ricarda@example.com,397468512,2023-09-07,17:00,10
946,Cecile,Etom,Cecile.Etom@example.com,511333283,2023-09-09,16:30,24
947,Marika,Noman,Marika.Noman@example.com,612419889,2023-09-05,16:30,6
948,Krystle,Bennie,Krystle.Bennie@example.com,124303658,2023-09-01,08:30,16
949,Catharine,Brady,Catharine.Brady@example.com,827970193,2023-09-15,17:00,28
950,Dawn,Moseley,Dawn.Moseley@example.com,609884445,2023-09-27,16:00,28
951,Catrina,Zachary,Catrina.Zachary@example.com,770147715,2023-09-05,14:30,24
952,Tilly,Donell,Tilly.Donell@example.com,966276931,2023-09-05,08:30,34
953,Magdalena,Hollingsworth,Magdalena.Hollingsworth@example.com,307022970,2023-09-01,15:30,38
954,Kenna,Pelagias,Kenna.Pelagias@example.com,406499177,2023-09-11,12:00,25
955,Lusa,Hourigan,Lusa.Hourigan@example.com,569034702,2023-09-22,10:00,9
956,Rosene,Faso,Rosene.Faso@example.com,964033764,2023-09-01,10:30,28
957,Dianemarie,Gabrielli,Dianemarie.Gabrielli@example.com,243622231,2023-09-15,17:30,31
958,Rosene,Emmy,Rosene.Emmy@example.com,896598745,2023-09-09,11:30,18
959,Angela,Shanley,Angela.Shanley@example.com,631030317,2023-09-11,09:30,35
960,Rebeca,Presber,Rebeca.Presber@example.com,536207338,2023-09-13,09:30,29
961,Dyann,Presber,Dyann.Presber@example.com,818983962,2023-09-05,09:00,48
962,Myrtice,Raychel,Myrtice.Raychel@example.com,332916190,2023-09-14,13:30,11
963,Tonia,Christal,Tonia.Christal@example.com,783411420,2023-09-01,13:30,16
964,Nonnah,Jethro,Nonnah.Jethro@example.com,389882626,2023-09-23,16:00,6
965,Claudina,Parette,Claudina.Parette@example.com,884505085,2023-09-19,08:00,22
966,Jerry,Dawkins,Jerry.Dawkins@example.com,406942673,2023-09-05,13:30,17
967,Alie,Billye,Alie.Billye@example.com,466601695,2023-09-04,13:30,41
968,Yolane,Eno,Yolane.Eno@example.com,567306383,2023-09-22,17:00,8
969,Fina,Nance,Fina.Nance@example.com,586955206,2023-09-06,17:30,6
970,Bertine,Hoenack,Bertine.Hoenack@example.com,904790654,2023-09-07,14:30,10
971,Eolanda,Liebermann,Eolanda.Liebermann@example.com,128792206,2023-09-28,10:30,24
972,Demetris,Kinnard,Demetris.Kinnard@example.com,150221766,2023-09-14,12:30,8
973,Janis,Romelda,Janis.Romelda@example.com,844341366,2023-09-11,15:00,36
974,Alejandra,Vilma,Alejandra.Vilma@example.com,730192010,2023-09-15,14:00,17
975,Harrietta,Harriman,Harrietta.Harriman@example.com,974271452,2023-09-12,14:00,35
976,Joceline,Means,Joceline.Means@example.com,551999358,2023-09-02,12:30,5
977,Reeba,Stefa,Reeba.Stefa@example.com,408128453,2023-09-28,11:00,1
978,Ketti,Ellerey,Ketti.Ellerey@example.com,602910142,2023-09-05,12:00,5
979,Cacilie,Arquit,Cacilie.Arquit@example.com,804778516,2023-09-27,15:00,7
980,Dulcinea,Corilla,Dulcinea.Corilla@example.com,834794451,2023-09-11,09:00,46
981,Gilligan,Christine,Gilligan.Christine@example.com,645353583,2023-09-12,14:30,23
982,Doralynne,Keelia,Doralynne.Keelia@example.com,571919689,2023-09-19,11:30,10
983,Shaine,Knowling,Shaine.Knowling@example.com,613622081,2023-09-10,09:00,2
984,Joceline,Grosz,Joceline.Grosz@example.com,902150759,2023-09-25,08:30,31
985,Selia,Jaylene,Selia.Jaylene@example.com,654296110,2023-09-17,14:00,14
986,Paulita,Stuart,Paulita.Stuart@example.com,818517864,2023-09-18,09:00,30
987,Ninnetta,Dituri,Ninnetta.Dituri@example.com,109556388,2023-09-25,10:00,5
988,Dianemarie,Bergman,Dianemarie.Bergman@example.com,732702843,2023-09-03,15:00,48
989,Lanna,Waldron,Lanna.Waldron@example.com,555048013,2023-09-07,14:30,18
990,Albertina,Forrer,Albertina.Forrer@example.com,486544860,2023-09-09,08:00,42
991,Beatriz,Graig,Beatriz.Graig@example.com,571351671,2023-09-03,12:00,22
992,Georgina,Fabiola,Georgina.Fabiola@example.com,568425024,2023-09-21,10:30,42
993,Abbie,Jeanne,Abbie.Jeanne@example.com,172582763,2023-09-27,12:30,45
994,Nicoli,Engdahl,Nicoli.Engdahl@example.com,134959001,2023-09-21,17:00,16
995,Ira,Mathilde,Ira.Mathilde@example.com,172478222,2023-09-28,09:00,13
996,Elise,Seagraves,Elise.Seagraves@example.com,167799867,2023-09-12,09:00,5
997,Shel,Janene,Shel.Janene@example.com,988676615,2023-09-27,10:00,25
998,Katleen,Sharl,Katleen.Sharl@example.com,383090323,2023-09-14,16:30,8
999,Gavrielle,Magnolia,Gavrielle.Magnolia@example.com,949630479,2023-09-03,08:30,16
1000,Cathyleen,Ilka,Cathyleen.Ilka@example.com,867537126,2023-09-23,17:00,26