1,Kristan,Hebner,Kristan.Hebner@example.com,409276260,2023-09-19,17:00,45
2,Roseline,Han,Roseline.Han@example.com,809328571,2023-09-19,09:00,48
3,Kenna,Hartnett,Kenna.Hartnett@example.com,159353850,2023-09-07,09:00,5
4,Kimmy,Sundin,Kimmy.Sundin@example.com,997495306,2023-09-15,08:30,5
5,Deedee,Magdalen,Deedee.Magdalen@example.com,269418719,2023-09-19,08:30,26
6,Chastity,Wandie,Chastity.Wandie@example.com,422958845,2023-09-14,15:30,11
7,Randa,Wiener,Randa.Wiener@example.com,947553777,2023-09-26,10:30,40
8,Marsiella,Damarra,Marsiella.Damarra@example.com,240006539,2023-09-08,15:00,9
9,Iseabal,Jammal,Iseabal.Jammal@example.com,832130602,2023-09-04,17:00,31
10,Ernesta,Rodmann,Ernesta.Rodmann@example.com,299990938,2023-09-11,08:30,3
11,Karena,Verger,Karena.Verger@example.com,107753778,2023-09-22,11:30,38
12,Marita,Kirstin,Marita.Kirstin@example.com,822492360,2023-09-15,14:00,1
13,Roz,Bartlett,Roz.Bartlett@example.com,550825187,2023-09-26,15:00,6
14,Arlina,O'Rourke,Arlina.O'Rourke@example.com,620578276,2023-09-22,17:00,39
15,Adore,Alexandr,Adore.Alexandr@example.com,887224467,2023-09-15,14:30,31
16,Alejandra,Suzetta,Alejandra.Suzetta@example.com,748666219,2023-09-21,11:30,38
17,Wynne,Dash,Wynne.Dash@example.com,916208346,2023-09-25,08:30,1
18,Frieda,Wind,Frieda.Wind@example.com,605228195,2023-09-13,12:00,29
19,Hayley,Thar,Hayley.Thar@example.com,807767716,2023-09-23,18:00,1
20,Kara-Lynn,Anestassia,Kara-Lynn.Anestassia@example.com,263173969,2023-09-09,14:30,36
21,Riannon,Mauer,Riannon.Mauer@example.com,333772224,2023-09-23,15:00,25
22,Tierney,Fiann,Tierney.Fiann@example.com,205947001,2023-09-04,08:00,15
23,Mady,Angelis,Mady.Angelis@example.com,613547350,2023-09-28,15:30,5
24,Rani,Judye,Rani.Judye@example.com,654769354,2023-09-23,17:30,47
25,Marjie,Schenck,Marjie.Schenck@example.com,804826026,2023-09-10,08:30,11
26,Meghann,Sibyls,Meghann.Sibyls@example.com,471466316,2023-09-04,08:00,26
27,Danny,Blake,Danny.Blake@example.com,282428524,2023-09-08,10:00,5
28,Pearline,Loleta,Pearline.Loleta@example.com,302427535,2023-09-28,17:00,36
29,Lenna,Rubie,Lenna.Rubie@example.com,632872726,2023-09-05,09:30,7
30,Brandise,Ambrosia,Brandise.Ambrosia@example.com,969289765,2023-09-02,16:30,42
31,Leia,Colleen,Leia.Colleen@example.com,589853996,2023-09-16,17:00,9
32,Pamella,Marijo,Pamella.Marijo@example.com,962775729,2023-09-07,12:30,43
33,Donetta,Gert,Donetta.Gert@example.com,547066674,2023-09-15,15:30,2
34,Audrie,Pip,Audrie.Pip@example.com,277956156,2023-09-08,16:00,36
35,Gretal,Abram,Gretal.Abram@example.com,931599434,2023-09-13,08:30,9
36,Atlanta,Westphal,Atlanta.Westphal@example.com,537507946,2023-09-04,16:30,35
37,Tilly,Pauly,Tilly.Pauly@example.com,666387906,2023-09-18,15:30,30
38,Stevana,Graig,Stevana.Graig@example.com,459717045,2023-09-07,08:30,9
39,Aeriela,Odell,Aeriela.Odell@example.com,685368415,2023-09-11,15:30,35
40,Fayre,Denis,Fayre.Denis@example.com,529384234,2023-09-29,13:30,50
41,Frank,Maroney,Frank.Maroney@example.com,231295188,2023-09-08,13:30,11
42,Mady,Fredi,Mady.Fredi@example.com,205631392,2023-09-30,11:00,20
43,Lily,Olnee,Lily.Olnee@example.com,423465551,2023-09-26,07:30,4
44,Juliane,Dorine,Juliane.Dorine@example.com,200486372,2023-09-14,13:00,21
45,Diena,Jobi,Diena.Jobi@example.com,486241780,2023-09-05,09:30,33
46,Sheelagh,Mich,Sheelagh.Mich@example.com,244920120,2023-09-12,17:30,4
47,Oralee,Roscoe,Oralee.Roscoe@example.com,316944595,2023-09-19,12:30,33
48,Kylynn,Cornelia,Kylynn.Cornelia@example.com,921678990,2023-09-16,08:30,41
49,Lanae,Grosz,Lanae.Grosz@example.com,354940182,2023-09-23,10:30,24
50,Ketti,Merell,Ketti.Merell@example.com,841299056,2023-09-19,17:30,48