1,Karolina,Ezar,Karolina.Ezar@example.com,822067836,2023-09-16,17:30,15
2,Demetris,Kussell,Demetris.Kussell@example.com,693107053,2023-09-12,14:00,42
3,Collen,Arvo,Collen.Arvo@example.com,248527868,2023-09-27,18:00,34
4,Neila,Malvino,Neila.Malvino@example.com,113968316,2023-09-12,09:30,2
5,Katuscha,Ovid,Katuscha.Ovid@example.com,695833269,2023-09-10,12:30,31
6,Elsie,Salchunas,Elsie.Salchunas@example.com,983819114,2023-09-12,17:00,27
7,Ernesta,Valoniah,Ernesta.Valoniah@example.com,367758158,2023-09-06,14:30,19
8,Clo,Ranjiv,Clo.Ranjiv@example.com,806394960,2023-09-02,14:30,41
9,Moyna,Marcellus,Moyna.Marcellus@example.com,230999626,2023-09-13,18:00,43
10,Eadie,Truc,Eadie.Truc@example.com,300797311,2023-09-09,07:30,13
11,Lorne,Lasley,Lorne.Lasley@example.com,885227306,2023-09-29,12:30,20
12,Madeleine,Lauraine,Madeleine.Lauraine@example.com,996368912,2023-09-20,13:00,13
13,Anica,Armanda,Anica.Armanda@example.com,567118235,2023-09-27,16:00,29
14,Cherilyn,Sheedy,Cherilyn.Sheedy@example.com,841926715,2023-09-09,11:30,38
15,Elmira,Hortensia,Elmira.Hortensia@example.com,174364691,2023-09-09,08:30,15
16,Winifred,Waldron,Winifred.Waldron@example.com,657161716,2023-09-11,09:00,26
17,Robbi,Jacinda,Robbi.Jacinda@example.com,880188565,2023-09-16,16:30,41
18,Nerta,Herrera,Nerta.Herrera@example.com,516765269,2023-09-23,18:00,21
19,Joy,Ezar,Joy.Ezar@example.com,682129308,2023-09-28,18:00,3
20,Belva,Poppy,Belva.Poppy@example.com,466882076,2023-09-03,15:30,4
21,Caressa,Fabiola,Caressa.Fabiola@example.com,970306724,2023-09-17,12:00,9
22,Wendi,Wittie,Wendi.Wittie@example.com,621518268,2023-09-23,13:30,38
23,Ingrid,Holtz,Ingrid.Holtz@example.com,697042741,2023-09-29,17:00,11
24,Mara,Adore,Mara.Adore@example.com,638866863,2023-09-16,12:00,15
25,Lucille,Fontana,Lucille.Fontana@example.com,267942747,2023-09-05,13:00,47
26,Deloria,McCutcheon,Deloria.McCutcheon@example.com,427010494,2023-09-04,18:30,29
27,Miquela,Neva,Miquela.Neva@example.com,887247206,2023-09-03,15:00,15
28,Alia,Azeria,Alia.Azeria@example.com,252727689,2023-09-16,17:00,42
29,Joleen,Roscoe,Joleen.Roscoe@example.com,869924081,2023-09-12,12:30,39
30,Norine,Autrey,Norine.Autrey@example.com,370949308,2023-09-07,13:30,3
31,Elise,Ries,Elise.Ries@example.com,483556423,2023-09-09,16:00,10
32,Alyssa,Beebe,Alyssa.Beebe@example.com,440476231,2023-09-19,13:30,21
33,Rivalee,Raffo,Rivalee.Raffo@example.com,985579362,2023-09-25,18:30,7
34,Lilith,Yoko,Lilith.Yoko@example.com,139901016,2023-09-18,08:30,14
35,Trudie,Bultman,Trudie.Bultman@example.com,353776304,2023-09-15,18:30,25
36,Aubrie,Docilla,Aubrie.Docilla@example.com,726637797,2023-09-16,07:30,38
37,Carolina,Fax,Carolina.Fax@example.com,105525607,2023-09-15,08:30,33
38,Robbi,Dowski,Robbi.Dowski@example.com,102759254,2023-09-04,09:00,47
39,Mamie,Crudden,Mamie.Crudden@example.com,587040565,2023-09-15,13:30,31
40,Belva,Lacombe,Belva.Lacombe@example.com,287331341,2023-09-28,15:00,44